id,ingreso_txt,sexo_txt,edad,educ,exper,horas,k,formal,situacion,tamano,sector,satisf_txt,urbano,casado,hijos,provincia
1,"554,31",hombre,63,15,41,180,166.48,1,1,1,4,Feliz,1,0,1,guayas
2,843.47,H,26,99,7,138,1252.5,1,1,1,4,Feliz,1,0,0,GUAYAS
3,  1050,HOMBRE,45,10,29,199,2680.84,0,3,1,4,Normal,1,1,1,Loja
4,"1.308,15",Hombre ,26,14,8,232,2537.57,0,3,3,5,Normal,0,0,1,Guayas
5,690.92,Hombre,48,11,29,156,3189.47,0,2,1,4,Feliz,0,0,2,AZUAY
6,"713,87",hombre,40,15,19,99,2218.08,1,1,2,3,Normal,1,1,6,Guayas
7,522.49,HOMBRE,36,10,20,152,1270.44,0,2,1,5,Feliz,1,1,1,GUAYAS
8,"680,44",H,53,15,,145,1103.42,0,3,1,1,Muy triste,0,1,1, El Oro
9,793.86,M,44,9,28,66,3948.41,1,1,4,3,Feliz,0,1,3, El Oro
10,  143,M,35,8,20,62,289.63,1,1,1,5,Muy triste,1,0,1,El  Oro
11,596.22,Hombre ,25,11,6,190,1075.05,0,2,4,3,Normal,1,0,1,El  Oro
12,  1291,mujer,53,18,29,289,1281.37,0,3,2,2,Muy feliz,0,1,1,El  Oro
13,"972,58",Hombre ,43,11,25,212,2902.09,0,3,3,4,Normal,1,1,2,guayas
14,  308,H,28,11,11,165,197.17,0,3,1,3,Feliz,0,0,2, El Oro
15,  1497,H,41,16,20,142,5756.18,1,1,1,4,Triste,1,1,2, El Oro
16,"381,31",Mujer,61,11,44,121,817.21,0,3,2,3,Feliz,1,1,1,el oro
17,NA,M,20,3,6,193,1388.76,0,2,2,3,Triste,1,1,1,El  Oro
18,  455,MUJER ,35,10,22,104,771.25,1,1,3,4,Normal,1,1,3, Loja
19,432.42,mujer,58,7,44,89,461.81,0,2,1,3,Triste,0,1,1,Loja
20,"623,14",hombre,30,7,13,209,1505.49,0,2,1,4,Muy triste,1,1,3,AZUAY
21,985.12,H,62,5,47,246,2893.57,1,1,3,4,Feliz,1,1,3,AZUAY
22,707.09,Hombre ,22,9,9,173,4017.1,0,3,3,1,Feliz,0,1,2,EL ORO
23,"424,69",H,99,10,19,137,846.47,0,2,1,1,Normal,1,0,1,El Oro
24,NA,Mujer,21,9,6,126,1126.78,0,3,1,3,Triste,1,0,2, El Oro
25,"857,58",mujer,53,19,28,176,917.74,1,1,2,3,Triste,1,0,1,El  Oro
26,742.61,M,35,17,12,140,1116.95,0,2,1,1,Muy triste,0,1,3,El Oro
27,"432,06",hombre,24,12,7,142,272.06,0,2,2,4,Muy triste,0,0,2,GUAYAS
28,712.31,hombre,99,8,48,242,743.99,0,2,1,3,Feliz,0,1,0,El Oro
29,"638,41",H,20,15,0,123,1900.11,1,1,2,3,Normal,1,0,2,El  Oro
30,336.61,M,20,15,1,85,3642.96,0,2,1,1,Feliz,0,1,2,Azuay
31,665.60,MUJER ,43,16,19,173,296.64,0,3,1,1,Muy feliz,0,1,4, El Oro
32,1343.20,HOMBRE,26,18,3,181,2526.38,1,1,1,5,Normal,1,0,1, Loja
33,1163.58,HOMBRE,35,11,21,213,445.43,1,1,3,4,Normal,1,1,1,Azuay
34,"761,89",hombre,58,7,44,299,1465.81,1,1,2,4,Triste,1,0,3,Azuay
35,527.72,Mujer,24,17,1,203,329.05,0,2,1,1,Normal,0,1,4,LOJA
36,"604,20",Mujer,18,11,1,165,562.84,1,1,3,3,Normal,0,1,3,EL ORO
37,"774,90",MUJER ,61,9,44,153,5684.52,0,3,4,4,Feliz,0,1,3, Loja
38,382.27,HOMBRE,26,12,7,53,974.01,1,1,2,3,Muy triste,0,1,3,El  Oro
39,  820,mujer,45,11,30,202,1422.97,0,3,3,4,Normal,0,1,3,Loja
40,  961,hombre,29,13,7,98,4551.72,0,2,2,4,Muy triste,0,1,2, El Oro
41,559.36,H,18,13,0,154,1000.94,1,1,2,2,Normal,0,1,1,LOJA
42,333.15,HOMBRE,59,7,40,168,497.75,1,1,2,3,Feliz,1,0,2,Guayas
43,462.18,H,21,9,6,130,1718.77,1,1,2,4,Feliz,1,1,4, El Oro
44,468.68,hombre,23,5,5,119,1523.78,0,2,2,4,Feliz,0,0,0, Loja
45,304.98,mujer,63,10,47,120,324.08,0,3,3,3,Triste,0,0,0,Azuay
46,349.54,MUJER ,49,14,28,220,247.92,1,1,1,3,Muy feliz,1,0,2,EL ORO
47,  1063,H,29,21,0,195,410.82,1,1,2,4,Feliz,1,1,3,El Oro
48,833.13,MUJER ,60,13,42,161,818.63,1,1,1,4,Normal,0,1,, El Oro
49,692.32,MUJER ,24,7,8,154,1688.28,0,2,2,5,Triste,0,1,0,GUAYAS
50,"791,25", Mujer,58,16,38,145,1163.76,1,1,1,1,Muy feliz,0,1,0,LOJA
51,"738,49",MUJER ,41,7,24,159,793.51,0,3,4,1,Muy feliz,0,1,4,GUAYAS
52,"657,20",Hombre,47,14,27,155,449.97,1,1,2,1,Feliz,0,0,1, El Oro
53,"1.050,28",H,31,17,5,186,1212.74,1,1,1,3,Feliz,1,0,0, El Oro
54,682.49,mujer,44,16,23,192,909.27,1,1,2,4,Normal,1,0,0,LOJA
55,468.06,M,47,10,29,233,743.65,0,3,2,5,Triste,1,0,0, El Oro
56,2496.25,hombre,54,22,24,287,883.71,1,1,2,3,Muy feliz,1,0,0,LOJA
57,  848,M,46,14,26,159,4502.43,0,2,1,3,Muy feliz,1,1,2,El  Oro
58,435.37,hombre,20,14,3,139,1125.37,1,1,1,4,Muy triste,1,0,1,EL ORO
59,"649,98",hombre,23,10,4,182,3422.81,0,3,2,2,Triste,0,0,0,EL ORO
60,397.46,Mujer,44,10,26,125,1386.35,1,1,1,3,Normal,1,1,0, El Oro
61,"554,43",Hombre ,53,18,28,90,2286.67,1,1,3,3,Feliz,1,0,0,Azuay
62,1087.69,H,46,16,22,192,862.63,1,1,1,3,Muy feliz,1,1,2,El Oro
63,1080.68,Hombre ,41,11,24,141,3791.89,0,3,2,2,Muy feliz,0,0,0, Loja
64,"1.327,41",HOMBRE,25,15,4,208,352.84,1,1,4,4,Feliz,1,0,1,el oro
65,  283,mujer,56,6,41,89,2348.93,0,3,2,1,Feliz,1,0,2,El Oro
66,NA, Mujer,44,10,28,237,1021.19,0,2,1,2,Normal,1,0,0,El Oro
67,1064.79,MUJER ,27,99,8,241,3880.2,0,2,2,3,Normal,1,0,0,El Oro
68,"818,17",M,55,8,40,194,1926.78,0,2,3,4,Triste,1,1,1,Azuay
69,"1.673,81",Hombre,19,9,2,233,8241.4,0,2,1,2,Normal,1,0,0,EL ORO
70,"344,26",M,35,14,16,105,1123.13,0,2,2,3,Normal,1,1,3,LOJA
71,916.71,Hombre ,21,16,0,190,412.21,0,2,3,3,Feliz,1,0,3,El  Oro
72,"1.012,73",H,51,14,31,141,2076.3,1,1,3,1,Muy feliz,1,0,0,GUAYAS
73,NA,M,18,7,5,184,840.89,0,3,1,5,Normal,0,0,0,guayas
74,790.79,M,56,16,34,221,617.86,1,1,3,2,Feliz,0,1,0,GUAYAS
75,864.78,HOMBRE,24,18,0,207,699.43,1,1,1,4,Feliz,1,0,1, Loja
76,326.67,M,22,7,8,185,432.23,1,1,2,1,Muy feliz,1,0,0,El Oro
77,s/i, Mujer,58,15,38,148,559.54,0,2,3,4,Muy feliz,1,0,4,El  Oro
78,"967,35",HOMBRE,62,8,47,249,819.13,1,1,4,4,Muy feliz,1,0,0,El Oro
79,"1.338,60", Mujer,45,15,24,214,549.61,0,3,4,1,Feliz,1,1,0,Guayas
80,"1.384,30",Mujer,40,5,24,230,2352.84,0,2,4,5,Feliz,0,1,3,Azuay
81,666.37,M,25,12,6,166,1189.08,0,2,1,4,Feliz,0,0,0,El Oro
82,986.44,MUJER ,38,21,8,119,1047.34,1,1,2,4,Feliz,1,1,2,El Oro
83,"230,54",H,62,2,47,65,1625.67,0,2,4,5,Muy triste,1,0,1,LOJA
84,"1.282,78",MUJER ,40,17,17,999,1157.07,1,1,4,3,Muy feliz,1,1,2,LOJA
85,428.24,hombre,36,12,19,96,1003.13,0,2,1,5,Triste,1,1,1,Loja
86,"417,17",Hombre ,63,6,46,197,421.02,0,3,2,5,Feliz,0,1,1,guayas
87,430.64,Hombre ,30,14,9,120,445.04,1,1,2,3,Normal,1,0,,el oro
88,748.78,Hombre,63,2,47,209,1100.83,0,3,4,3,Normal,1,1,1,Loja
89,"437,62", Mujer,31,12,12,184,1349.81,0,2,2,2,Normal,1,0,2,el oro
90,"1.102,64",Hombre ,29,14,8,197,,0,2,3,5,Muy feliz,0,1,1, El Oro
91,717.14,H,47,18,21,192,495.64,1,1,2,5,Feliz,0,0,0,El  Oro
92,1441.08, Mujer,65,13,51,245,2232.9,0,3,4,4,Feliz,1,1,2,AZUAY
93,NA,hombre,20,15,0,133,1757.21,1,1,1,1,Feliz,0,1,2, Loja
94,265.44,Hombre ,53,10,35,79,994.53,1,1,1,1,Triste,1,1,1,GUAYAS
95,"431,17",H,29,5,13,193,655.41,0,2,1,5,Triste,1,1,1,El  Oro
96,664.50,Hombre ,50,11,32,194,2739.93,1,1,1,5,Triste,1,1,2,Azuay
97,"1.156,76",M,48,14,29,202,3419.37,1,1,2,2,Triste,1,0,1, El Oro
98,"703,16",HOMBRE,32,99,16,134,839.87,0,2,3,3,Feliz,0,1,2,El Oro
99,1003.55,mujer,26,16,6,189,1026.66,0,2,3,1,Triste,0,1,1,Loja
100,  1070, Mujer,63,12,44,218,3869.08,0,3,2,1,Feliz,0,1,2,El Oro
101,1413.15,HOMBRE,23,14,4,121,2604.09,1,1,3,4,Triste,1,0,1,El  Oro
102,"264,00",Mujer,20,7,6,120,282.19,0,2,1,3,Muy feliz,0,0,2,LOJA
103,"465,98",Hombre,41,1,27,235,1049.9,0,2,1,5,Normal,0,1,1,Guayas
104,"1.363,77",H,34,11,19,284,1894.54,1,1,1,4,Feliz,1,0,1,El  Oro
105,"844,81",HOMBRE,61,7,47,219,2908.56,0,2,1,1,Feliz,1,0,2, El Oro
106,1423.53,Hombre,52,14,34,193,,0,3,4,2,Feliz,1,1,2, El Oro
107,  781,M,30,99,8,163,491.8,1,1,1,5,Feliz,0,0,0,El  Oro
108,712.23,Hombre ,30,14,10,204,762.42,1,1,1,1,Muy feliz,1,0,0,Guayas
109,  729,M,47,16,28,155,1722.54,0,2,1,1,Muy feliz,1,1,1, El Oro
110,  835,hombre,29,15,7,226,2853.42,0,2,1,1,Feliz,1,1,0,AZUAY
111,"355,74",MUJER ,59,12,42,176,172.28,0,3,4,3,Triste,1,1,1,El Oro
112,"495,44",M,58,13,36,195,923.96,0,3,1,1,Feliz,1,0,0, El Oro
113,501.75,Hombre ,46,9,32,158,1811.77,1,1,2,2,Muy triste,1,0,0,El Oro
114,NA,hombre,19,14,0,183,882.28,0,2,1,4,Normal,1,0,2,GUAYAS
115,"1.251,31",mujer,48,16,26,177,958.4,1,1,2,5,Normal,1,1,0,Guayas
116,"455,44",Mujer,65,99,42,999,144.14,0,2,1,3,Feliz,1,1,1, El Oro
117,565.13,hombre,24,9,11,215,1319.9,1,1,1,1,Normal,0,1,2,Guayas
118,"599,65",Hombre,33,4,18,173,1926.03,0,2,1,4,Feliz,0,0,0,EL ORO
119,,HOMBRE,21,14,4,134,1153.18,0,2,1,3,Triste,1,0,0,AZUAY
120,  1330,MUJER ,19,12,0,240,7999.13,1,1,1,3,Muy feliz,0,0,1,el oro
121,1107.54,HOMBRE,49,16,27,131,2556.47,1,1,2,2,Muy triste,0,0,3, Loja
122,511.58, Mujer,33,7,21,204,2076.4,0,2,1,1,Normal,0,1,1, Loja
123,861.90,hombre,23,15,2,137,3249.8,1,1,1,1,Muy feliz,0,0,1,El Oro
124,1111.98,hombre,19,14,0,160,3877.62,1,1,4,2,Normal,0,1,2,El  Oro
125,551.06,Mujer,20,15,0,183,1014.58,0,2,2,1,Muy feliz,1,0,1, El Oro
126,"536,80",Hombre,56,18,30,99,549.45,0,2,1,2,Normal,1,1,0, Loja
127,665.40,Mujer,45,17,24,130,1881.78,1,1,2,5,Muy triste,1,1,1,Azuay
128,"520,89",Hombre,27,14,9,184,752.19,0,3,1,3,Muy feliz,1,0,2,El  Oro
129,"1.262,63",HOMBRE,48,18,24,98,1416.12,1,1,4,4,Triste,1,1,1,El Oro
130,  624,M,38,11,20,137,2529.31,0,3,1,2,Feliz,1,0,1,AZUAY
131,"525,25",MUJER ,18,5,4,223,3258.29,0,2,2,5,Feliz,1,1,2,guayas
132,350.34,M,19,10,4,103,1596.02,0,2,2,5,Triste,0,1,0,LOJA
133,383.21, Mujer,63,10,48,86,629.09,0,2,1,4,Feliz,1,1,0,El Oro
134,  1148,HOMBRE,35,14,12,180,5997.31,1,1,3,3,Muy triste,1,0,2,guayas
135,774.57,H,58,11,41,173,1083.48,0,3,2,4,Feliz,1,1,2, El Oro
136,"881,49",Hombre ,33,8,19,188,2124.15,0,2,2,1,Triste,1,0,1,Loja
137,"687,43",Hombre,21,12,3,238,217.26,0,2,4,1,Normal,1,1,3, El Oro
138,1146.65,Hombre,27,16,9,227,1568.91,1,1,3,4,Feliz,0,0,2,EL ORO
139,999999,MUJER ,23,16,3,142,3736.82,0,2,1,4,Normal,1,1,2,guayas
140,548.36,HOMBRE,61,8,45,189,3316.64,0,3,2,2,Triste,1,1,3,GUAYAS
141,  561,M,52,12,36,233,1544.8,0,3,2,5,Muy feliz,1,1,2,el oro
142,"1.226,57",hombre,23,17,0,208,2182.23,1,1,1,1,Normal,1,0,3,el oro
143,"635,32",MUJER ,21,16,0,134,2257.06,1,1,3,2,Feliz,0,0,0,GUAYAS
144,562.83,Hombre ,23,5,7,204,832.08,0,3,2,1,Normal,1,1,1,EL ORO
145,  308, Mujer,23,10,5,92,2406.78,0,2,1,4,Triste,1,0,0,Loja
146,575.71,Mujer,24,14,4,118,1532.85,0,3,2,5,Muy feliz,0,0,0,EL ORO
147,960.94,hombre,41,14,21,150,976.65,0,2,1,3,Muy feliz,1,0,1,el oro
148,676.66,Hombre ,35,12,18,170,1868.07,0,2,1,4,Triste,0,1,3, El Oro
149,s/i,mujer,45,13,26,110,925.57,0,2,2,5,Normal,0,0,1,AZUAY
150,  331,mujer,99,13,2,182,330.79,0,3,1,3,Muy feliz,1,0,1,El  Oro
151,1986.77,hombre,65,18,41,130,5852.22,0,3,4,3,Normal,1,1,3,El  Oro
152,296.04, Mujer,32,8,18,73,897.92,0,2,2,1,Triste,1,0,3,Azuay
153,NA,hombre,20,15,0,194,245.59,1,1,1,3,Muy feliz,0,0,1,El  Oro
154,688.36,H,36,8,21,146,3019.7,0,2,3,4,Triste,1,0,1, Loja
155,738.43,Hombre,58,15,36,224,496.86,1,1,1,1,Muy triste,0,0,0,LOJA
156,636.83,hombre,36,12,16,204,524.07,1,1,1,5,Normal,1,1,0,EL ORO
157,"888,73",H,29,8,16,152,1039.42,0,2,3,3,Triste,1,0,1,AZUAY
158,  644,MUJER ,31,8,16,169,2048.28,0,2,2,4,Muy triste,1,0,0,el oro
159,s/i, Mujer,28,17,5,169,2893.79,1,1,1,1,Normal,1,1,2,El  Oro
160,338.46,H,54,10,39,136,1409.29,0,2,1,1,Muy triste,1,1,1,El  Oro
161,851.90,H,25,13,5,147,1536.3,0,2,2,5,Muy feliz,0,0,0,el oro
162,591.81,Mujer,24,11,6,105,1728.28,1,1,3,4,Feliz,0,1,2,El Oro
163,791.75,MUJER ,49,9,35,210,2615.73,0,2,4,1,Normal,0,0,1, El Oro
164,  524,hombre,22,9,9,215,1044.42,0,2,1,1,Feliz,1,1,2,El  Oro
165,444.88,HOMBRE,20,9,5,69,1480.98,1,1,1,3,Muy triste,0,0,3,AZUAY
166,682.12,hombre,24,14,4,135,793.75,1,1,3,1,Muy feliz,1,0,2,guayas
167,  452,Hombre ,20,13,2,59,5263.54,0,2,2,2,Feliz,1,0,1,Azuay
168,653.25,H,33,11,16,218,4339.04,1,1,1,4,Muy triste,0,0,0,El  Oro
169,  440,hombre,24,4,10,127,890.48,1,1,3,3,Muy triste,0,0,0,Guayas
170,1181.50,Mujer,46,16,24,194,820.97,0,3,1,2,Normal,0,0,0,EL ORO
171,"735,17",Hombre,62,10,,192,2415.16,0,2,1,3,Normal,1,1,3,guayas
172,397.36,Hombre,30,7,15,93,2399.69,0,2,1,1,Triste,1,0,1,el oro
173,390.67,hombre,33,10,17,163,467.48,0,2,1,3,Triste,1,0,0,El Oro
174,510.23,HOMBRE,23,6,8,116,1272.41,0,2,4,4,Triste,1,0,1,EL ORO
175,1045.99, Mujer,21,15,0,215,3382.46,1,1,1,2,Muy triste,0,0,1,EL ORO
176,703.55,HOMBRE,26,7,12,228,1660.51,0,2,1,4,Feliz,0,1,1,Azuay
177,"1.904,92",hombre,49,12,30,223,7561.15,0,3,2,3,Muy feliz,1,0,1,GUAYAS
178,"1.026,41",MUJER ,48,13,31,208,627.34,0,2,2,5,Normal,1,1,1,El Oro
179,718.48,mujer,62,12,44,168,4124.96,0,3,2,1,Muy feliz,1,1,0,El Oro
180,911.76,MUJER ,38,11,18,134,1606.06,0,3,4,2,Normal,0,1,1,Guayas
181,934.79,Hombre ,18,13,0,150,1614.5,0,2,3,3,Triste,1,1,3,El  Oro
182,  2241,Hombre ,57,13,38,242,4106.84,1,1,3,5,Feliz,1,1,2,El Oro
183,977.29,mujer,60,16,37,126,510.17,0,3,2,1,Feliz,1,0,1,Azuay
184,"830,25",Mujer,23,18,0,141,931.93,1,1,3,4,Feliz,1,0,3,Guayas
185,427.32,H,55,5,38,145,2045.57,0,2,1,3,Muy feliz,1,1,3,Azuay
186,"379,97",Hombre ,22,12,4,97,2493.5,0,2,2,3,Triste,1,0,0,El  Oro
187,"229,43",MUJER ,22,4,8,129,344.21,0,3,1,5,Muy feliz,0,0,1,Loja
188,"296,20", Mujer,23,1,8,166,919.29,0,2,2,4,Muy feliz,1,1,4,AZUAY
189,"403,88",hombre,61,8,48,118,1282.64,1,1,1,4,Normal,1,0,0,Guayas
190,1165.34,hombre,46,13,30,186,1055.58,1,1,2,4,Feliz,1,1,1,El  Oro
191,  566,hombre,50,11,32,207,527.07,1,1,2,3,Normal,1,1,3,El Oro
192,433.83,mujer,60,5,45,159,1825.9,0,2,2,5,Normal,1,0,1,LOJA
193,1145.89,HOMBRE,26,19,0,162,4515.22,1,1,2,3,Muy feliz,1,0,1,LOJA
194,246.66,MUJER ,28,9,13,171,663.19,0,2,2,1,Muy feliz,1,0,0,El Oro
195,  623,M,21,14,2,164,775.92,0,3,2,5,Feliz,1,0,1,el oro
196,  846,MUJER ,49,14,27,189,1855.96,1,1,2,3,Triste,1,0,0, El Oro
197,977.87,HOMBRE,28,11,14,142,303.35,0,2,2,1,Normal,1,1,3,El  Oro
198,"251,65",H,31,9,18,124,295.12,0,2,1,3,Triste,1,0,0,guayas
199,  1311,mujer,24,16,0,225,3895.3,0,3,1,3,Normal,1,0,0,AZUAY
200,"1.439,03",Mujer,51,16,29,223,1977.43,0,3,2,2,Triste,0,1,2,EL ORO
201,376.33,hombre,21,7,4,202,493.65,0,2,3,2,Muy feliz,1,0,0, Loja
202,"911,06",hombre,30,17,4,999,1640.73,1,1,1,2,Muy feliz,0,0,1,AZUAY
203,"861,48",Mujer,99,11,1,209,788.53,1,1,2,5,Triste,1,0,0,Guayas
204,1071.35,Hombre,56,16,35,206,1933.55,1,1,3,4,Triste,1,1,2,AZUAY
205,"612,20",MUJER ,18,11,1,201,393.79,0,3,1,3,Triste,0,0,0,EL ORO
206,836.10,mujer,39,14,18,216,2093.25,0,2,3,4,Normal,1,1,2,guayas
207,859.01,hombre,59,13,37,203,1509.08,0,2,1,5,Muy triste,1,0,0, El Oro
208,"479,47",HOMBRE,64,8,50,125,1261.52,0,2,2,5,Normal,1,0,0,AZUAY
209,"1.209,28",hombre,29,15,7,159,1404.23,1,1,1,3,Muy feliz,1,0,0, El Oro
210,736.84,MUJER ,37,8,18,256,2758.66,0,2,2,4,Muy feliz,1,0,1,El  Oro
211,"880,49",hombre,32,12,14,178,1688.87,1,1,2,5,Muy triste,1,1,0,el oro
212,496.49,MUJER ,43,15,22,116,683.45,1,1,1,3,Normal,1,1,1,LOJA
213,  320,Hombre ,62,99,42,144,718.1,0,2,1,1,Normal,0,0,1,Loja
214,"272,01",H,18,9,3,113,865.49,0,2,1,4,Muy triste,0,0,0,LOJA
215,"1.473,84",Hombre,59,13,42,165,2367,1,1,3,5,Muy feliz,0,1,0,El Oro
216,331.67,HOMBRE,48,4,34,147,477.24,0,2,1,4,Normal,1,1,0,El Oro
217,408.53,HOMBRE,27,13,6,110,920.25,0,2,2,3,Triste,1,0,,El Oro
218,"883,41",mujer,42,4,27,209,1082.89,0,2,2,3,Muy triste,1,1,5,el oro
219,933.55,H,26,13,5,134,1406.16,1,1,2,3,Muy feliz,0,0,0, El Oro
220,s/i,M,37,11,21,165,1141,0,3,4,4,Muy triste,0,0,0,AZUAY
221,619.83,hombre,34,13,14,147,1715.53,1,1,1,4,Normal,0,1,3, El Oro
222,343.11,HOMBRE,41,13,20,103,807.87,0,3,1,4,Feliz,1,0,0,Loja
223,601.28,Mujer,21,14,0,174,1293.44,1,1,1,2,Normal,1,0,2,Guayas
224,498.27,Mujer,29,14,12,137,638.72,1,1,3,4,Triste,1,0,0,GUAYAS
225,264.40,M,21,5,7,137,699.32,0,2,2,1,Normal,1,1,2,LOJA
226,504.81,mujer,20,13,1,151,748.42,1,1,3,4,Triste,0,1,2,El Oro
227,672.00,Hombre ,18,8,5,999,2804.19,0,3,2,4,Normal,1,0,0,el oro
228,656.56,HOMBRE,43,99,26,143,683.33,1,1,1,4,Muy feliz,1,1,4,El Oro
229,"1.059,43",HOMBRE,99,14,34,187,2134.97,0,3,3,4,Muy feliz,0,0,2,GUAYAS
230,545.68,MUJER ,41,13,23,116,1001.06,1,1,1,5,Triste,1,0,0, El Oro
231,"435,11",MUJER ,22,12,4,163,1427.79,1,1,1,1,Triste,1,0,0,El  Oro
232,1436.29,H,63,99,38,213,2189.84,0,3,1,3,Muy feliz,1,0,1,Azuay
233,"573,31", Mujer,22,99,9,127,5026.07,0,2,1,3,Normal,1,0,1, El Oro
234,"801,26",HOMBRE,35,16,12,999,1009.79,0,2,2,4,Triste,1,1,2,El Oro
235,1280.43,Hombre,22,17,0,210,2659.72,1,1,4,3,Muy feliz,0,1,1,guayas
236,  557,H,34,7,19,239,1903.63,0,3,2,3,Feliz,1,1,1,AZUAY
237,"837,37",mujer,29,14,8,163,1475.36,0,3,2,1,Feliz,0,1,1,LOJA
238,527.76, Mujer,28,15,8,169,1394.67,1,1,1,1,Triste,1,0,0,El  Oro
239,937.87,Hombre ,63,12,44,187,922.14,0,2,1,1,Triste,0,1,2,El  Oro
240,1062.05, Mujer,48,11,31,143,5450.24,1,1,4,4,Triste,1,1,3,El  Oro
241,"484,51",Hombre,39,10,26,154,383.28,1,1,1,4,Muy feliz,1,1,3,Loja
242,"2.031,05",mujer,59,12,41,114,6134.9,0,3,4,4,Muy feliz,1,0,0,EL ORO
243,"1.002,45",HOMBRE,30,6,14,216,2999.41,0,2,3,1,Muy triste,1,1,4,El  Oro
244,"854,31",hombre,34,13,14,159,896.32,0,3,1,3,Triste,0,1,0,El Oro
245,1249.20,M,25,15,5,250,2563.95,1,1,3,4,Muy feliz,0,0,3, Loja
246,"456,69",mujer,20,15,0,130,751.38,0,2,4,5,Feliz,0,1,1,El  Oro
247,"869,96",mujer,25,11,11,174,971.79,0,3,3,3,Muy feliz,1,0,1,EL ORO
248,  464,MUJER ,39,7,23,134,2007.69,0,3,1,2,Triste,1,1,2,El Oro
249,"797,19",Hombre ,45,8,30,999,3825.38,1,1,1,4,Muy feliz,0,1,1,El Oro
250,393.14,HOMBRE,32,8,19,203,623.42,0,2,2,1,Normal,0,0,0,AZUAY
251,300.69,MUJER ,27,14,8,170,345.24,0,3,1,3,Triste,0,1,6,guayas
252,  527,mujer,47,13,26,184,2006.26,1,1,1,5,Feliz,1,1,3,EL ORO
253,"1.001,23",mujer,30,13,12,121,2725.47,1,1,2,1,Triste,1,1,0,el oro
254,"626,63",MUJER ,63,8,45,199,1138.99,0,3,4,4,Normal,1,0,0, El Oro
255,692.68, Mujer,51,14,32,211,998.66,1,1,1,3,Feliz,0,0,0,EL ORO
256,"698,12",Hombre ,40,12,19,173,517.3,0,2,2,2,Feliz,1,1,2, El Oro
257,1075.05,HOMBRE,36,11,19,152,1725.14,0,2,2,1,Muy feliz,1,0,1,El  Oro
258,1101.68,Mujer,27,19,4,142,2614.79,1,1,3,4,Normal,1,0,0,EL ORO
259,"607,79",MUJER ,19,8,3,188,2678.27,0,2,3,4,Normal,1,0,0,el oro
260,  1339,M,59,17,37,167,1476.15,0,2,3,5,Muy feliz,1,1,3,AZUAY
261,"796,43",M,50,18,27,174,771.16,0,3,1,3,Feliz,1,1,0,AZUAY
262,320.17,mujer,37,11,19,134,481.77,1,1,1,1,Triste,0,0,0,El  Oro
263,"664,77", Mujer,52,10,37,255,575.72,0,3,1,4,Feliz,1,0,1,El Oro
264,247.97,M,46,1,31,139,741.93,0,2,2,4,Normal,1,1,2, El Oro
265,,Hombre,31,11,16,177,3294.15,1,1,4,4,Triste,1,1,2,el oro
266,"1.643,32",MUJER ,42,15,,218,7591.27,0,2,1,3,Muy feliz,1,1,3,El Oro
267,"385,24",H,19,6,3,192,958.65,0,2,1,3,Feliz,1,0,0,GUAYAS
268,"474,97",Hombre ,30,14,12,105,158.86,1,1,1,1,Normal,1,0,1, El Oro
269,  638,mujer,21,12,5,192,1806.92,0,3,1,1,Triste,1,0,1,Guayas
270,"1.203,70", Mujer,20,15,2,148,1121.18,1,1,1,2,Muy feliz,0,1,4,Guayas
271,"238,01",MUJER ,41,14,22,85,665.52,0,3,1,4,Triste,1,0,0,LOJA
272,870.27,H,54,8,39,206,1389.14,0,2,3,1,Normal,1,1,2,el oro
273,"432,64",HOMBRE,21,5,7,178,2230.25,1,1,2,1,Triste,0,1,2,AZUAY
274,"376,80",Hombre ,19,14,0,151,364.29,1,1,1,4,Normal,0,0,1,El Oro
275,"548,40",M,29,11,9,149,989.65,0,2,1,2,Normal,1,0,0,El Oro
276,  889,HOMBRE,47,10,30,221,1452.24,0,2,1,1,Normal,0,1,3,El Oro
277,NA,HOMBRE,54,17,30,214,7644.03,1,1,1,3,Normal,0,1,2,El Oro
278,312.12,H,40,13,22,52,336.49,0,2,4,3,Triste,1,1,2,Azuay
279,  296,MUJER ,37,13,19,159,898.34,1,1,1,1,Normal,1,1,2,el oro
280,  350,Mujer,20,99,5,162,743.08,0,2,1,2,Muy triste,1,0,1,El  Oro
281,"356,97",Hombre ,43,5,26,131,1071.99,0,2,1,1,Triste,1,1,1, El Oro
282,"817,80",Mujer,39,14,18,162,3363.91,0,3,1,4,Muy triste,0,0,2,guayas
283,"724,83",mujer,59,4,45,265,10747.6,0,3,1,1,Normal,1,0,3,guayas
284,1264.22,mujer,32,17,10,188,2562.48,0,3,1,2,Muy feliz,1,1,2,GUAYAS
285,  766,mujer,55,14,37,244,220.96,0,2,3,4,Muy triste,1,1,1,Azuay
286,NA,HOMBRE,33,15,11,200,827.23,0,2,1,3,Normal,1,0,0,El Oro
287,531.76,H,43,8,29,247,1320.69,0,2,1,1,Normal,0,1,1,Azuay
288,  555,H,31,11,14,119,1407.74,0,2,1,4,Muy feliz,0,0,0,El  Oro
289,"2.396,68",H,37,16,12,197,1928.61,0,3,4,4,Normal,1,1,1,El Oro
290,641.36,mujer,46,10,30,223,3883.49,0,3,1,2,Muy triste,1,0,2,EL ORO
291,  604,Mujer,56,14,35,141,3295.85,1,1,2,3,Normal,1,1,4,El Oro
292,"465,11",HOMBRE,64,99,48,115,2145.99,0,3,1,1,Triste,1,1,5,Loja
293,"997,39",mujer,21,16,0,127,909.19,0,3,1,1,Normal,1,0,2,el oro
294,  304,HOMBRE,50,16,28,102,221.29,0,2,1,2,Triste,0,0,0,EL ORO
295,"808,55", Mujer,46,12,26,168,,1,1,3,3,Muy feliz,0,1,0, El Oro
296,972.82,Hombre,55,12,37,186,1169.91,1,1,3,4,Normal,1,0,2,el oro
297,908.41,Hombre,60,9,49,299,7541.28,1,1,1,5,Feliz,0,1,3, Loja
298,"938,57",Hombre,18,13,0,188,,1,1,4,3,Normal,1,0,1,El Oro
299,407.64,HOMBRE,21,5,7,148,3320.7,0,2,1,4,Feliz,1,1,1,Guayas
300,  1082,hombre,37,17,15,151,2331.35,1,1,1,3,Feliz,1,1,1,GUAYAS
301,"848,11",Hombre,20,10,3,119,1799.85,0,3,3,4,Muy feliz,0,0,1, El Oro
302,820.05, Mujer,21,16,0,234,437.33,0,2,4,2,Triste,1,1,1,EL ORO
303,"617,24",Hombre,57,8,41,202,1260.42,0,2,3,4,Normal,1,0,0,AZUAY
304,837.17,hombre,24,7,7,244,920.72,0,3,1,2,Feliz,0,0,0, El Oro
305,"935,19",H,20,14,1,244,1306.96,1,1,2,3,Feliz,1,1,3,el oro
306,855.47,Hombre,23,4,9,156,1779.38,1,1,2,4,Triste,1,0,0, El Oro
307,"1.356,28",mujer,52,12,36,143,4520.7,0,2,1,4,Feliz,1,1,3,Loja
308,464.28,Hombre,50,6,35,187,1482.75,0,3,1,2,Triste,1,1,3,El  Oro
309,569.00,Hombre ,47,13,29,154,1009.61,1,1,2,4,Normal,1,1,3,El  Oro
310,377.11,H,21,4,5,168,354.64,0,2,4,1,Feliz,0,0,3, Loja
311,"705,15",hombre,21,13,3,110,1372.71,1,1,1,4,Muy triste,1,1,2,EL ORO
312,  646,Hombre ,60,10,43,114,1157.08,0,3,3,3,Feliz,1,0,0,AZUAY
313,838.83,H,47,13,28,230,3959.02,1,1,1,5,Normal,0,0,1, El Oro
314,"538,67",Hombre ,36,12,18,169,1227.77,0,2,2,1,Triste,1,1,1,AZUAY
315,"711,03",Hombre,21,14,0,138,1263.94,1,1,1,1,Feliz,1,0,2,el oro
316,"351,36",Hombre ,29,10,11,168,517.86,0,2,2,2,Muy triste,1,0,1, El Oro
317,468.18,hombre,19,99,0,228,395.81,1,1,3,2,Feliz,0,1,0,El  Oro
318,"359,30",HOMBRE,59,7,46,154,1365.84,1,1,1,1,Feliz,0,0,0,El Oro
319,  702,Hombre ,39,9,22,220,995.19,1,1,1,3,Normal,1,1,4,El Oro
320,340.47,Hombre ,51,5,38,90,1501.87,0,3,1,1,Triste,1,0,1,El Oro
321,  725,H,99,7,30,145,1603.63,1,1,2,4,Normal,0,1,3,El  Oro
322,712.79,Hombre,48,13,31,130,4291.59,0,3,2,2,Feliz,0,0,2,Azuay
323,493.09,Hombre ,44,12,28,121,374.07,0,3,2,4,Feliz,1,1,2,EL ORO
324,"517,11",Mujer,64,15,42,158,708.3,0,2,3,4,Feliz,0,1,2,Azuay
325,"558,29",mujer,40,11,25,216,666.75,0,3,1,5,Normal,0,0,0,Guayas
326,"834,41",H,50,16,30,210,1646.15,1,1,2,4,Feliz,1,0,0,El  Oro
327,406.62,HOMBRE,24,15,2,123,203.95,1,1,1,1,Muy feliz,1,1,1, Loja
328,655.14,Mujer,30,14,10,81,1425.43,0,3,2,5,Feliz,1,0,2,EL ORO
329,961.14, Mujer,39,14,21,129,4412.18,0,2,3,4,Muy feliz,1,1,3,El  Oro
330,363.64,mujer,44,4,29,999,438.2,0,2,3,4,Triste,1,1,2, El Oro
331,1312.67, Mujer,28,16,7,145,2182.82,1,1,4,2,Normal,1,0,0,EL ORO
332,  503,M,46,13,26,266,224.69,1,1,1,2,Feliz,1,1,2,AZUAY
333,  1158,Hombre ,25,13,6,140,1463.62,1,1,3,2,Feliz,1,1,3, Loja
334,238.39, Mujer,40,10,26,132,276.88,0,3,1,3,Normal,0,0,2,el oro
335,s/i,Hombre ,31,14,12,195,432.51,1,1,1,3,Normal,1,1,1,EL ORO
336,656.65,Mujer,21,16,1,174,2056.79,1,1,1,3,Normal,1,1,1,EL ORO
337,546.27,H,20,99,0,169,929.3,0,2,4,3,Triste,0,1,0,El Oro
338,"1.006,10",HOMBRE,35,14,17,176,732.22,0,2,3,5,Feliz,1,1,5, El Oro
339,  342,mujer,18,10,0,145,1085.02,0,2,2,3,Feliz,1,1,2,GUAYAS
340,1040.57, Mujer,57,9,43,207,2955.49,0,3,3,3,Normal,1,0,1,LOJA
341,"836,26",MUJER ,54,16,33,144,1089,1,1,2,2,Muy feliz,1,1,1,EL ORO
342,  570,H,55,8,40,122,792.26,0,3,4,3,Normal,1,1,1, Loja
343,762.15,hombre,26,13,6,181,1616.41,0,2,1,4,Normal,1,0,,Azuay
344,s/i,hombre,33,16,14,110,1614.7,0,2,3,1,Feliz,0,0,0,guayas
345,544.63,hombre,51,10,33,142,1118.63,0,2,1,3,Muy feliz,1,0,1, El Oro
346,3135.69,hombre,53,16,30,251,3884.35,0,2,1,3,Muy feliz,1,0,1,GUAYAS
347,"328,34",M,18,11,0,114,861.64,0,2,2,4,Feliz,0,1,2, El Oro
348,497.65,H,32,6,15,125,1245.21,0,2,4,1,Muy triste,0,1,0,GUAYAS
349,  485,Mujer,57,6,41,201,1884.64,0,3,4,2,Muy triste,0,0,0,Azuay
350,1591.34,Mujer,25,14,7,202,1700.8,0,2,4,2,Feliz,1,1,1, El Oro
351,861.78,Hombre,34,15,12,131,400.29,1,1,2,2,Feliz,0,0,0,EL ORO
352,  600,H,62,8,,231,2831.18,1,1,2,2,Feliz,1,1,2,EL ORO
353,"787,37",Hombre,63,15,40,149,1692.36,0,2,1,5,Muy feliz,0,0,0,AZUAY
354,894.41,H,52,14,31,205,1220.19,1,1,1,4,Triste,1,0,0,El  Oro
355,"754,08",Mujer,35,15,11,179,1808.07,1,1,2,2,Feliz,1,0,1, El Oro
356,"552,31",Hombre ,49,5,34,124,2168.83,0,3,1,4,Normal,0,0,0, El Oro
357,"1.200,27",hombre,22,12,4,235,1519.12,1,1,3,4,Feliz,1,1,0, El Oro
358,433.71,MUJER ,40,15,19,138,365.2,1,1,3,5,Feliz,1,0,0,EL ORO
359,  666,M,34,10,15,155,594.53,0,2,3,2,Muy triste,1,1,3,EL ORO
360,"859,03",H,20,10,5,186,2292.23,0,2,4,4,Triste,0,1,3,El Oro
361,1147.98, Mujer,25,13,8,175,6720.05,0,3,3,3,Feliz,0,1,0,Azuay
362,273.64,M,51,6,36,154,476.51,0,2,2,3,Muy triste,0,0,1,el oro
363,"1.465,58",H,31,16,8,132,1446.68,1,1,4,4,Triste,1,0,0,EL ORO
364,"574,49",M,250,14,3,260,373.1,1,1,1,1,Normal,0,0,2,Guayas
365,"499,83",hombre,27,7,11,200,1360.21,0,2,2,3,Muy feliz,1,0,0,El Oro
366,1430.48,H,55,11,37,148,2022.66,0,2,3,5,Normal,0,0,0,El  Oro
367,926.12,Hombre,33,14,16,182,1395.94,0,3,1,1,Normal,1,0,0,guayas
368,"848,66",HOMBRE,33,13,12,128,5815.51,0,2,1,3,Feliz,0,1,2,EL ORO
369,584.41,M,31,10,14,182,3199.51,0,3,1,1,Normal,1,1,1,LOJA
370,"502,13",Hombre ,58,10,38,101,3570.95,0,2,3,1,Muy feliz,1,1,1,Azuay
371,"1.721,15",Hombre ,36,12,18,269,7593.39,1,1,1,5,Feliz,1,1,0,EL ORO
372,  261,HOMBRE,53,2,37,125,477.47,0,2,2,3,Feliz,1,1,4, El Oro
373,702.33,HOMBRE,19,9,4,234,1357.76,0,2,1,1,Muy feliz,0,0,1,guayas
374,  1229,HOMBRE,43,17,21,205,583.77,1,1,3,3,Muy triste,1,0,0,El Oro
375,"472,53",MUJER ,27,8,10,148,1816.04,0,2,1,3,Normal,1,0,0,El  Oro
376,  329,MUJER ,46,7,29,183,388.98,0,2,3,4,Normal,1,1,2,El  Oro
377,923.43,HOMBRE,33,7,17,190,1888.33,0,2,4,3,Feliz,0,0,1,Guayas
378,  196,MUJER ,19,12,3,71,4073.97,0,2,1,2,Normal,1,0,2,Loja
379,  575,mujer,29,8,14,169,1589.8,1,1,1,4,Normal,0,0,2,El Oro
380,"1.369,88",HOMBRE,29,13,11,181,4323.46,0,2,3,5,Muy feliz,1,0,0,AZUAY
381,841.71,MUJER ,31,15,8,214,1701.02,1,1,2,3,Feliz,1,0,1,el oro
382,482.54,H,63,10,,170,807.86,0,2,1,5,Feliz,1,1,2,el oro
383,270.91,H,28,2,13,211,257.21,0,2,1,1,Feliz,0,1,2,El  Oro
384,773.50,Mujer,56,18,31,114,1008.93,0,3,2,3,Triste,1,1,2, Loja
385,"559,71",mujer,19,12,0,112,2758.2,1,1,1,4,Normal,0,0,1,El  Oro
386,1085.85,hombre,63,12,42,175,1738.6,1,1,2,2,Feliz,0,0,0,el oro
387,NA,hombre,62,10,46,150,4706.92,1,1,1,3,Muy feliz,1,1,3, El Oro
388,"1.017,90",HOMBRE,23,10,6,164,4127.52,0,2,2,4,Normal,1,0,0,AZUAY
389,"571,19",H,20,12,2,145,897.77,1,1,3,1,Muy triste,0,1,3,EL ORO
390,1021.28,hombre,63,13,41,174,2331.59,0,3,3,5,Feliz,0,1,0,guayas
391,496.26,Mujer,65,11,50,152,2811.51,1,1,1,4,Normal,1,0,2,AZUAY
392,  748,M,39,9,23,147,1218.94,0,2,2,3,Normal,0,1,1,Guayas
393,230.22,mujer,54,99,36,110,1627.22,0,2,1,3,Muy feliz,1,0,0,El  Oro
394,"789,88",Hombre ,32,12,15,122,5860.86,0,2,3,3,Feliz,1,1,3, El Oro
395,1339.18,M,19,14,0,168,2966.76,1,1,4,3,Normal,0,1,2,AZUAY
396,175.52,MUJER ,63,7,52,124,348.96,0,2,2,5,Muy triste,0,0,2,el oro
397,792.95,H,30,12,10,189,1437.41,0,2,1,1,Feliz,0,1,3,El Oro
398,721.55,Mujer,21,12,3,160,579.06,1,1,4,1,Muy triste,1,0,0, El Oro
399,1971.47,Mujer,34,13,13,190,4284.1,1,1,4,5,Feliz,0,1,1,Azuay
400,NA, Mujer,57,14,35,101,2581.9,1,1,4,2,Feliz,0,1,2,Loja
401,317.97,Hombre,33,9,19,110,286.17,0,3,1,3,Normal,1,1,1,EL ORO
402,  1114,H,39,18,15,163,1353.99,0,2,3,2,Muy feliz,0,1,2,EL ORO
403,,mujer,30,15,10,170,1836.11,1,1,2,5,Normal,1,0,,El Oro
404,"531,80",HOMBRE,29,10,12,999,318.19,0,2,2,1,Normal,0,0,0,GUAYAS
405,"593,62",mujer,18,12,0,205,1865.64,0,3,3,2,Muy triste,0,1,4,el oro
406,NA,HOMBRE,28,17,5,119,364.62,1,1,1,4,Muy feliz,1,0,2,guayas
407,599.61,hombre,43,12,28,155,1032.32,1,1,1,3,Triste,1,0,0,EL ORO
408,"662,42",mujer,60,14,38,181,1075.3,1,1,2,2,Triste,1,1,2,GUAYAS
409,510.13,mujer,18,9,3,223,1465.6,0,2,2,1,Feliz,0,0,1,LOJA
410,"544,21", Mujer,38,13,21,161,1154.03,0,3,4,2,Normal,1,1,3,Loja
411,"568,49",Hombre,19,14,0,159,1560.57,0,3,3,5,Triste,0,0,1,el oro
412,"524,21",hombre,36,99,21,203,700.46,0,3,1,3,Feliz,1,1,2,el oro
413,825.62,MUJER ,65,17,40,151,3990.03,0,2,2,4,Normal,1,1,1,Guayas
414,"1.552,99",MUJER ,51,11,35,177,2809.48,0,3,1,3,Muy feliz,0,1,2,Azuay
415,"380,57", Mujer,44,2,30,291,1903.73,0,2,2,5,Feliz,1,1,1,Loja
416,NA, Mujer,44,4,28,117,4617.67,1,1,1,2,Normal,0,0,2,Guayas
417,  563,Mujer,23,13,5,159,1063.83,0,2,2,5,Triste,1,0,1,AZUAY
418,NA,M,59,3,43,232,2848.98,0,2,2,4,Normal,1,1,0,AZUAY
419,753.08,HOMBRE,35,13,15,158,864.17,0,3,1,5,Triste,0,0,0,El  Oro
420,465.85,M,53,10,37,189,955.11,0,2,3,4,Normal,1,0,2,El  Oro
421,600.69,mujer,40,15,20,249,336.24,0,2,1,2,Muy triste,1,1,0,Azuay
422,  919,H,42,17,18,999,1537.21,1,1,2,5,Triste,1,0,1, Loja
423,"781,63",H,51,17,30,170,621.14,1,1,1,4,Muy feliz,1,0,0,Loja
424,397.52,hombre,34,6,19,186,447.46,0,2,1,3,Normal,0,1,0, El Oro
425,"815,65",H,21,15,0,119,1428.13,1,1,3,1,Normal,1,0,1,guayas
426,1244.54,mujer,47,20,20,999,2058.65,1,1,2,5,Feliz,0,1,2,LOJA
427,"1.112,67", Mujer,52,16,31,131,409.19,1,1,4,5,Muy triste,1,1,0,Guayas
428,"755,29",Mujer,23,15,3,193,680.74,1,1,3,4,Normal,1,0,1,Azuay
429,"1.259,56",HOMBRE,21,16,0,255,1355.91,0,3,3,3,Muy feliz,1,0,0,Loja
430,590.02,HOMBRE,28,16,7,134,802.57,1,1,3,4,Triste,0,0,0, El Oro
431,521.01,Hombre ,28,12,10,173,323.09,1,1,1,3,Triste,0,0,0,El Oro
432,603.16,Hombre,41,13,23,261,693.55,1,1,1,3,Feliz,1,1,5,Azuay
433,"811,22",MUJER ,33,10,17,210,4045.53,0,2,1,3,Normal,1,1,2,Azuay
434,1037.39,Hombre ,31,10,16,187,752.92,0,3,4,3,Normal,1,0,1,el oro
435,  1099,hombre,55,12,34,219,714.39,0,2,2,5,Muy feliz,1,1,0,El  Oro
436,893.54,hombre,40,13,23,222,771.04,0,3,3,3,Feliz,0,0,3, El Oro
437,221.90,mujer,36,7,21,151,906.8,0,2,1,4,Muy feliz,1,1,3,Azuay
438,"943,86",M,47,16,25,111,2489.36,1,1,4,5,Muy triste,1,0,2,LOJA
439,"414,91",hombre,99,10,14,999,416.37,0,2,3,5,Muy feliz,1,0,0,Loja
440,542.08,Hombre,51,6,,999,1381.25,0,2,1,3,Feliz,1,0,1,AZUAY
441,  662,Mujer,56,11,42,227,1340.17,0,3,1,3,Feliz,1,1,0, El Oro
442,1059.77,H,40,18,15,172,1286.63,0,2,1,4,Normal,1,0,1,el oro
443,  682,H,32,12,12,220,1121.6,1,1,2,4,Normal,0,0,1,El Oro
444,892.88,MUJER ,56,99,34,189,1237.06,1,1,1,3,Normal,1,0,0,el oro
445,537.13,hombre,24,12,6,168,798.02,1,1,2,5,Normal,1,0,2,EL ORO
446,  778,Hombre ,53,19,,169,626.3,0,2,4,1,Muy feliz,1,0,0,el oro
447,  1037, Mujer,54,15,34,135,807.12,1,1,4,1,Feliz,0,1,1,AZUAY
448,  357,mujer,61,12,43,134,272.55,1,1,2,5,Feliz,1,0,0,el oro
449,s/i,MUJER ,37,15,16,188,5059.25,0,3,2,3,Normal,0,1,2,El Oro
450,809.40,hombre,32,11,15,188,1823.81,0,2,2,3,Muy feliz,1,1,2,EL ORO
451,  1456,hombre,55,19,28,153,609.65,0,2,4,2,Normal,0,1,1,LOJA
452,814.61,Hombre ,29,10,14,187,2152.7,1,1,1,4,Muy feliz,1,1,2,El  Oro
453,"820,04", Mujer,29,15,7,205,1365.08,1,1,1,2,Normal,1,0,0, El Oro
454,"722,11",Mujer,64,15,42,222,695.9,1,1,1,5,Triste,0,1,3,El Oro
455,"915,99",HOMBRE,19,14,0,110,8660.3,1,1,1,5,Muy feliz,1,0,3,EL ORO
456,"767,49",Hombre,26,19,2,208,497.63,0,2,1,3,Muy feliz,0,0,0,Loja
457,,Hombre,59,14,41,164,1003.24,1,1,1,2,Normal,0,0,0,EL ORO
458,222.58,mujer,19,2,3,150,475.63,0,2,2,4,Muy triste,1,0,1,El Oro
459,  461,Hombre ,49,13,29,144,349.13,0,2,1,4,Normal,0,0,0,Loja
460,"1.293,49",hombre,38,16,15,197,2793.76,1,1,2,5,Normal,0,1,3, El Oro
461,540.51,H,31,12,13,234,1565.53,0,2,1,5,Feliz,1,1,3, Loja
462,974.18,M,31,14,13,245,875.52,1,1,2,3,Triste,1,1,3,Loja
463,457.14,mujer,27,5,15,166,2142.61,0,2,3,2,Normal,1,0,2,El  Oro
464,"1.762,10",H,52,10,36,176,10359.57,0,2,2,1,Normal,1,0,1,el oro
465,"847,26",HOMBRE,30,12,14,159,1515.47,0,2,1,2,Normal,1,0,0,Azuay
466,"707,23",Hombre ,59,10,43,167,2629.85,1,1,1,1,Feliz,0,1,0,el oro
467,"1.212,12",H,23,13,4,249,2234.36,0,3,1,3,Normal,0,0,2, El Oro
468,431.96,Hombre ,44,6,27,211,453.26,0,2,1,3,Normal,0,0,0, El Oro
469,839.22,hombre,47,6,35,129,3715.11,0,3,4,2,Muy feliz,1,1,1,Guayas
470,759.48,Hombre,20,14,0,176,1118.91,1,1,1,1,Muy triste,1,1,0, El Oro
471,"657,93",H,42,13,26,172,2140.45,1,1,1,5,Triste,1,0,1,El  Oro
472,293.22,M,30,10,15,124,259.35,1,1,1,2,Triste,1,0,0,El Oro
473,1085.04,Hombre,39,11,23,197,2812.27,1,1,2,1,Muy feliz,1,1,2,Azuay
474,512.25,Hombre ,40,7,23,120,1598.7,0,2,2,3,Muy feliz,1,1,1,El Oro
475,"534,09",Mujer,29,16,7,189,806.53,0,3,2,2,Feliz,0,0,0,AZUAY
476,623.31,HOMBRE,19,99,0,128,481.76,1,1,4,4,Muy feliz,1,0,0,Guayas
477,"591,07",hombre,32,6,19,135,822.75,1,1,3,3,Feliz,1,1,3,El  Oro
478,"425,91",MUJER ,29,14,8,162,432.97,1,1,3,5,Muy feliz,1,0,0,EL ORO
479,669.88,Mujer,31,10,14,143,957.57,0,3,1,1,Triste,1,1,2,Guayas
480,"684,60",M,50,18,25,81,4687.91,1,1,1,3,Triste,1,1,1,Guayas
481,602.45,Mujer,56,11,38,190,1632.85,0,3,2,4,Muy triste,1,0,1,Guayas
482,"423,04",Mujer,49,9,35,232,639.72,0,2,1,5,Muy feliz,1,1,2,EL ORO
483,  528,MUJER ,64,14,45,171,2328.74,1,1,1,5,Normal,1,1,2,El  Oro
484,  523,H,55,14,37,156,600.69,0,2,1,3,Normal,1,1,0, El Oro
485,  369,Hombre ,18,13,0,123,504.79,1,1,1,1,Feliz,1,0,2,guayas
486,"735,02",MUJER ,22,9,8,215,2983.99,0,2,3,4,Feliz,0,0,3,El  Oro
487,420.60,Mujer,39,18,16,30,1775.03,0,2,4,3,Feliz,0,0,2, El Oro
488,"942,26", Mujer,52,13,34,192,902.8,0,3,4,5,Feliz,1,1,0, El Oro
489,864.50,hombre,29,14,8,143,3262.56,0,2,1,4,Normal,0,0,1, El Oro
490,  1241,HOMBRE,50,14,27,228,777.28,1,1,3,3,Feliz,1,1,2,AZUAY
491,603.74,HOMBRE,42,14,20,115,,1,1,1,1,Muy feliz,1,1,2, Loja
492,387.80,MUJER ,24,9,8,135,696.32,0,2,2,1,Normal,0,0,0,El  Oro
493,"728,63",hombre,51,9,36,137,1824.89,1,1,1,3,Muy feliz,0,1,1,El Oro
494,666.86,Mujer,25,13,7,189,1460.85,0,2,1,3,Muy feliz,0,0,0,El Oro
495,980.56,MUJER ,60,5,46,201,2929.14,0,3,3,4,Triste,1,1,0,Guayas
496,"1.070,74",hombre,41,14,19,163,1847.11,0,2,3,2,Triste,1,0,1,Azuay
497,  820,hombre,65,10,48,210,1457.21,1,1,4,3,Muy feliz,1,1,3,El  Oro
498,822.09,HOMBRE,20,15,2,198,833.57,1,1,1,1,Muy triste,1,0,0,El Oro
499,"934,88",mujer,43,14,22,172,5560.46,1,1,1,2,Muy feliz,0,1,2,Guayas
500,385.42,Hombre,27,5,13,190,7265.71,0,2,1,4,Triste,0,1,3,Loja
501,,Hombre,26,7,10,140,902.44,0,2,1,3,Normal,1,1,4,el oro
502,"470,46",Hombre,25,7,9,144,2237.95,1,1,1,2,Normal,0,0,1, El Oro
503,416.92,Mujer,61,6,46,181,645.61,0,2,3,1,Muy feliz,0,1,3, El Oro
504,"743,86",hombre,18,9,2,163,502.1,0,2,4,3,Muy triste,1,0,1,EL ORO
505,559.64,Mujer,32,16,13,168,149.57,1,1,1,1,Triste,1,0,1,Loja
506,968.21, Mujer,28,17,4,242,2507.14,0,3,1,4,Feliz,1,0,0,Loja
507,"514,36",Hombre,22,13,3,202,661.92,0,3,2,4,Normal,1,1,0, Loja
508,334.81,Hombre ,26,12,10,107,650.08,1,1,4,2,Normal,0,0,0,el oro
509,458.64,M,18,10,4,145,2298.79,0,2,1,1,Muy feliz,1,1,2,Azuay
510,933.18,HOMBRE,54,12,37,163,747.28,0,2,3,3,Muy feliz,1,0,1,el oro
511,653.43,HOMBRE,18,12,1,207,244.06,1,1,1,2,Feliz,1,0,0,Loja
512,"601,20",hombre,35,10,18,215,497.5,1,1,1,1,Feliz,1,1,1,Guayas
513,955.55,HOMBRE,46,5,29,186,7878.02,0,3,3,1,Feliz,1,0,1, El Oro
514,504.96,H,48,12,30,107,908.93,0,2,2,4,Feliz,0,0,1,EL ORO
515,"387,46",MUJER ,21,99,0,165,,0,2,2,1,Muy feliz,1,0,2,AZUAY
516,  851,HOMBRE,18,13,0,184,2190.75,1,1,3,4,Muy triste,1,0,1,el oro
517,386.19,MUJER ,19,8,6,149,2329.1,0,2,1,3,Normal,1,0,0,el oro
518,381.20,M,20,10,2,171,633.35,0,2,2,4,Muy feliz,1,0,0,el oro
519,"527,86",Mujer,21,14,4,198,1895.4,0,3,1,4,Normal,0,0,0,El Oro
520,1598.30,HOMBRE,54,16,32,201,13719.87,1,1,1,1,Normal,1,1,3,el oro
521,1076.10,Hombre,19,14,0,104,2768.02,0,2,4,5,Muy feliz,1,1,2,El Oro
522,,MUJER ,64,15,45,115,815.58,1,1,4,1,Muy triste,0,0,0,guayas
523,  490,Hombre ,52,9,36,999,1478.58,1,1,1,3,Normal,0,0,0,Azuay
524,979.35,MUJER ,49,15,,191,870.33,1,1,1,3,Muy triste,1,1,3,el oro
525,"587,56",Hombre,27,7,12,196,1196.13,0,2,1,3,Triste,1,1,5,LOJA
526,"774,57",MUJER ,53,11,35,159,544.19,1,1,3,4,Feliz,0,0,1,EL ORO
527,740.47,HOMBRE,65,13,45,187,1283.06,0,3,4,5,Feliz,0,0,2,El  Oro
528,869.78,H,42,13,23,181,1776.77,0,3,3,1,Muy feliz,1,1,4,Azuay
529,739.54, Mujer,35,14,13,151,1615.92,1,1,1,1,Normal,0,1,3, El Oro
530,"745,55",hombre,21,11,4,247,462.04,0,2,2,3,Muy feliz,0,0,2,EL ORO
531,634.93,H,26,12,6,198,1073.32,1,1,2,1,Normal,1,1,3,El Oro
532,"706,99",H,30,18,8,237,935.46,1,1,1,5,Feliz,1,0,2, El Oro
533,"383,57",MUJER ,60,11,44,189,564.62,1,1,2,1,Normal,1,1,1,EL ORO
534,369.96, Mujer,59,10,43,127,603.89,1,1,4,1,Normal,1,0,0,Loja
535,574.08,H,23,6,7,178,1266.61,0,2,3,3,Muy feliz,1,0,0,Guayas
536,1707.26,H,26,12,11,201,1182.74,1,1,3,3,Muy feliz,1,1,1, El Oro
537,616.98,mujer,31,99,15,202,866.82,0,2,1,1,Feliz,0,1,2,AZUAY
538,"285,62",M,19,11,3,169,509.18,0,3,2,3,Feliz,1,0,0,AZUAY
539,  843,hombre,39,15,14,147,1353.15,1,1,4,5,Muy feliz,1,0,0,El  Oro
540,646.37,M,37,11,21,109,1138.3,0,2,2,1,Triste,0,1,1,El  Oro
541,1042.96,HOMBRE,50,18,24,171,2294,1,1,1,1,Normal,1,1,2,AZUAY
542,602.69,Hombre,31,8,17,216,2018.57,0,2,3,4,Muy feliz,0,1,1,El Oro
543,"466,90",Mujer,36,6,20,155,1609.49,0,2,2,5,Normal,1,1,3,GUAYAS
544,  649, Mujer,38,13,20,122,3194.23,0,2,1,1,Normal,0,1,3, El Oro
545,428.92,Mujer,31,11,14,157,478.59,0,2,2,2,Normal,0,1,2,Guayas
546,939.36,M,19,14,0,179,3460.06,1,1,1,4,Feliz,1,0,1,El Oro
547,736.30,hombre,61,12,42,182,1114.85,1,1,1,4,Normal,1,0,1,Loja
548,427.79,MUJER ,27,12,6,160,503.86,0,3,2,4,Muy triste,0,0,0,EL ORO
549,"466,17",mujer,25,99,4,200,257.47,0,2,1,1,Normal,0,1,0, El Oro
550,"498,85",Mujer,22,8,9,151,1910.81,0,3,2,2,Muy triste,0,0,0,guayas
551,NA,Mujer,44,4,28,198,1024.73,0,2,3,1,Triste,0,0,3,guayas
552,"854,70",Hombre,38,16,13,189,1210.27,0,2,1,4,Feliz,1,0,0,Loja
553,"1.389,10",Hombre ,51,14,34,126,4704.63,1,1,2,4,Triste,1,0,0,El  Oro
554,765.34,MUJER ,64,17,38,145,854.43,1,1,1,2,Muy feliz,1,1,2,EL ORO
555,1232.06,hombre,46,15,23,167,1587.87,1,1,1,3,Triste,0,1,3,El  Oro
556,860.94,M,31,99,16,123,1759.07,0,2,4,4,Triste,1,0,0,El  Oro
557,881.99,,45,13,24,137,1624.24,1,1,1,4,Muy triste,1,1,2,EL ORO
558,"738,60",H,54,17,31,161,1166.96,1,1,1,4,Muy feliz,0,0,0,Loja
559,"744,51",Hombre,22,13,2,114,2029.26,1,1,1,2,Normal,1,1,2,guayas
560,762.85,hombre,33,17,9,195,485.81,0,3,4,4,Feliz,1,0,2,Azuay
561,"347,33",M,30,14,9,125,298.32,0,3,1,5,Triste,1,1,1,el oro
562,1789.18,hombre,31,16,6,999,789.84,0,2,4,5,Normal,1,0,0,el oro
563,513.16,Hombre,48,12,30,158,1229.16,0,2,1,3,Normal,1,1,0,Azuay
564,428.54,Hombre,59,11,44,167,504.4,1,1,4,2,Feliz,1,1,2,El  Oro
565,1123.96,Hombre,27,13,7,167,3588.75,0,3,2,3,Normal,1,0,1,AZUAY
566,"1.862,05",M,29,18,8,201,7351.89,1,1,4,4,Muy feliz,1,1,1,El Oro
567,451.16,mujer,25,6,12,245,730.9,0,2,1,1,Triste,1,1,2,GUAYAS
568,992.22,Mujer,29,15,8,146,6323.32,1,1,2,4,Muy feliz,0,0,0,Azuay
569,613.79,Mujer,20,15,1,147,588.71,1,1,3,4,Triste,0,0,1,Loja
570,  739,Hombre,34,10,18,136,4978.35,0,2,2,5,Normal,1,0,1,El  Oro
571,863.94,Hombre,22,14,3,162,1518.63,0,2,1,3,Muy feliz,1,1,0,el oro
572,760.96,Hombre ,23,12,2,160,3352,0,2,1,4,Normal,0,0,1,AZUAY
573,"1.023,72",H,48,11,32,185,298.38,0,3,1,3,Triste,1,1,2,Azuay
574,"480,77",HOMBRE,59,18,38,118,781.88,1,1,1,2,Feliz,0,0,0,EL ORO
575,"1.032,65",hombre,59,11,42,218,3226.92,0,3,1,1,Normal,1,1,0,Guayas
576,379.86, Mujer,18,13,0,178,871.43,1,1,1,3,Normal,1,1,0,El Oro
577,"1.403,35",HOMBRE,64,12,46,185,2080.21,1,1,3,1,Muy triste,1,0,2,El  Oro
578,770.54,Hombre ,36,9,21,133,643.86,0,2,3,5,Muy feliz,1,1,2,Guayas
579,  1300, Mujer,20,14,0,187,2181.64,1,1,2,1,Normal,0,0,0,El  Oro
580,  611,mujer,21,13,1,207,733.57,1,1,1,1,Muy triste,0,1,2,guayas
581,834.65,MUJER ,42,10,26,203,2907.38,0,3,1,4,Feliz,1,0,0,El  Oro
582,  273,MUJER ,33,4,17,107,1848.5,0,3,1,2,Feliz,1,0,0,Azuay
583,1039.41, Mujer,35,18,11,217,572.94,1,1,1,4,Feliz,0,0,0, El Oro
584,"589,40",Mujer,58,13,40,133,3846.67,1,1,1,4,Normal,1,0,0,EL ORO
585,586.57,HOMBRE,21,9,8,220,689.99,0,2,3,4,Triste,1,0,1, El Oro
586,"509,64",M,24,12,5,187,2409.05,1,1,2,3,Feliz,1,0,2,el oro
587,"489,73",Hombre ,42,5,27,139,493.84,0,3,3,2,Normal,0,0,2,GUAYAS
588,"652,12",H,31,6,15,199,1814.25,0,2,1,3,Feliz,1,0,0,AZUAY
589,"995,18",hombre,50,13,31,121,2782.83,1,1,1,3,Normal,1,1,3,El  Oro
590,"689,87",M,34,11,17,153,1178.81,1,1,4,4,Normal,1,0,0,AZUAY
591,  304,Hombre,99,11,21,183,1316.75,1,1,1,4,Triste,1,1,2,el oro
592,528.24,Mujer,59,8,45,127,352.27,1,1,3,4,Muy triste,1,0,1,guayas
593,"921,61",Mujer,39,14,20,202,905.91,1,1,2,4,Feliz,1,0,1,EL ORO
594,708.92,Hombre ,32,9,17,114,2354.45,1,1,1,1,Muy triste,0,0,1,El  Oro
595,1469.41,H,34,20,9,147,944.94,1,1,1,1,Muy feliz,0,0,0,LOJA
596,"991,24",M,56,16,33,158,3471.95,0,2,3,3,Triste,1,1,0,Loja
597,853.38,hombre,57,15,37,101,3323.68,0,3,1,3,Feliz,0,1,2,guayas
598,  633,hombre,53,14,,124,380.74,1,1,1,1,Muy triste,1,0,0,Azuay
599,"995,43",MUJER ,54,10,39,253,376.55,1,1,4,1,Feliz,0,0,1,Azuay
600,616.13,HOMBRE,39,17,15,141,2924.16,1,1,1,3,Muy triste,1,1,3,Guayas
601,824.83,H,43,14,20,167,1890.84,1,1,1,3,Normal,1,1,2,guayas
602,797.55,M,25,14,4,208,975.46,1,1,3,3,Feliz,1,0,0,El  Oro
603,1007.24,HOMBRE,34,14,15,148,2013.77,0,2,2,3,Feliz,1,1,0,guayas
604,"1.156,23",Hombre,62,13,42,262,562.9,1,1,1,1,Feliz,1,0,2,El  Oro
605,940.22,Hombre,27,14,9,182,1660.65,0,2,1,1,Feliz,1,1,3,Guayas
606,709.65,hombre,58,14,38,225,695.2,0,2,1,4,Muy feliz,1,0,1,El Oro
607,"554,07", Mujer,45,6,28,237,1072.8,0,2,1,1,Feliz,0,1,4,Guayas
608,362.35,M,30,2,16,147,1830.74,0,3,2,1,Feliz,0,0,2,guayas
609,"771,01",hombre,51,13,33,175,1377.13,1,1,3,5,Muy feliz,1,0,0,El  Oro
610,1971.57,M,56,16,31,169,9564.66,0,3,1,4,Muy feliz,1,0,3,El  Oro
611,"987,40",Hombre,35,14,15,174,1168.81,0,3,1,1,Normal,1,1,2, Loja
612,  749,Hombre ,45,18,22,117,1986.56,0,2,3,4,Muy feliz,0,1,1,el oro
613,439.64,HOMBRE,31,4,16,223,467.44,0,2,2,3,Normal,0,0,0, El Oro
614,614.52,H,37,7,20,141,1621.17,1,1,1,4,Normal,1,1,2,El  Oro
615,  912, Mujer,29,14,8,248,1507.3,1,1,1,3,Feliz,1,1,3,guayas
616,429.08,Hombre ,56,10,39,157,556.56,0,2,1,5,Feliz,0,0,2, Loja
617,"569,99",MUJER ,64,6,47,207,1602.95,0,3,3,3,Feliz,1,1,1,El Oro
618,"450,45",MUJER ,37,9,24,153,2422.49,1,1,1,5,Triste,1,1,0,Azuay
619,496.79,mujer,19,7,4,141,1576.47,0,3,1,4,Normal,1,1,3,El Oro
620,"1.199,62",Hombre,52,14,32,203,1801.44,1,1,1,4,Normal,1,0,1,EL ORO
621,1090.39,Hombre,46,12,29,200,1703.93,0,2,2,3,Muy feliz,1,0,0,Guayas
622,"1.497,18",hombre,50,15,26,146,1905.4,1,1,2,5,Muy feliz,1,0,3, El Oro
623,411.03,hombre,44,13,24,132,939.78,0,2,1,4,Muy feliz,1,1,2,el oro
624,  340,MUJER ,39,7,21,104,4637.9,0,2,1,4,Normal,1,1,3,LOJA
625,935.35,Hombre,18,13,0,182,2248.13,0,3,1,3,Muy feliz,0,1,3,GUAYAS
626,396.71, Mujer,38,99,25,127,1231.84,1,1,3,2,Triste,0,1,4,el oro
627,339.85,Mujer,27,15,5,172,309.47,1,1,1,5,Triste,0,0,0,El Oro
628,"949,46",mujer,54,9,38,145,1390.58,0,2,4,4,Normal,1,1,1,el oro
629,414.85,H,26,3,11,164,6389.6,0,2,2,3,Muy triste,1,0,1, Loja
630,,hombre,53,11,37,125,1661.13,0,2,1,4,Feliz,1,0,0, El Oro
631,  1183,Hombre,54,11,39,229,5131.32,1,1,3,5,Normal,0,0,0,el oro
632,"749,98",HOMBRE,43,17,21,86,8530.59,1,1,1,3,Normal,1,1,1,guayas
633,"527,87",H,46,5,33,152,1596.25,0,3,2,5,Normal,0,0,1,LOJA
634,"589,06",MUJER ,58,12,39,238,587.92,0,3,2,1,Normal,1,0,0,EL ORO
635,757.82,Mujer,37,14,16,169,475.07,1,1,3,4,Muy feliz,1,0,1,El  Oro
636,1323.32,M,24,19,0,147,4188.88,1,1,3,2,Normal,1,1,3,EL ORO
637,  484,H,24,8,9,156,1044.07,0,2,3,2,Feliz,1,1,1, Loja
638,"1.017,15", Mujer,27,12,8,170,3176.75,0,2,2,3,Muy feliz,0,0,0,guayas
639,489.90, Mujer,28,9,15,154,1646.86,0,3,1,3,Feliz,1,1,2,EL ORO
640,"710,62",Mujer,56,12,37,211,,0,2,1,5,Triste,1,1,2,el oro
641,"2.180,99", Mujer,35,16,13,184,6157.12,0,2,3,1,Feliz,0,1,0, El Oro
642,3079.47,MUJER ,41,16,18,275,2300.84,1,1,4,5,Muy feliz,1,1,2,Azuay
643,NA,HOMBRE,20,14,0,129,471.79,0,3,1,5,Muy feliz,0,1,0,El Oro
644,651.92,Mujer,57,9,41,142,1682.02,1,1,2,2,Normal,0,0,0,el oro
645,"310,39", Mujer,29,18,5,119,502.92,0,2,2,5,Normal,0,0,2,AZUAY
646,"1.349,11",Mujer,40,22,12,221,1243.12,1,1,1,2,Muy feliz,0,1,3,LOJA
647,"408,69",Hombre,27,5,13,156,793.19,0,2,1,1,Normal,0,0,1,El  Oro
648,"618,05",Hombre,29,12,13,180,286.31,1,1,4,5,Muy feliz,1,1,1, El Oro
649,  1544,H,37,15,15,205,2123.74,1,1,4,1,Muy feliz,1,0,0, El Oro
650,"486,00",mujer,39,12,20,161,869.59,0,3,2,1,Normal,1,1,3,LOJA
651,"579,96",mujer,38,11,22,161,487.95,1,1,1,5,Muy triste,1,1,1,EL ORO
652,  1257,MUJER ,29,16,7,187,1303.94,0,3,3,4,Feliz,1,0,2,el oro
653,"2.476,03",M,61,14,40,135,1122.6,0,3,4,2,Muy feliz,1,1,2,GUAYAS
654,"704,49",Mujer,19,14,0,151,949.6,1,1,3,1,Feliz,0,0,1,El Oro
655,"942,30",HOMBRE,42,17,18,195,730.45,1,1,1,5,Muy feliz,0,0,0, Loja
656,"547,74",hombre,50,15,30,112,753.64,0,2,1,1,Muy triste,1,0,2,EL ORO
657,"971,94",MUJER ,29,99,11,186,3215.97,0,2,2,1,Muy feliz,1,1,1,LOJA
658,1767.16,HOMBRE,24,10,9,222,3337.41,0,2,3,1,Muy feliz,1,0,0,AZUAY
659,s/i,Hombre,50,99,26,207,690.82,0,2,1,5,Feliz,1,1,3,guayas
660,603.26,hombre,21,3,4,164,2405.95,0,2,3,5,Triste,1,0,0,el oro
661,910.57,H,65,19,41,133,402.2,1,1,3,2,Feliz,1,0,2,EL ORO
662,NA, Mujer,41,16,,163,1133.58,1,1,3,4,Feliz,1,1,2,Guayas
663,"147,42",M,54,4,43,86,713.04,0,3,2,5,Muy triste,0,0,0,EL ORO
664,816.39,Hombre,55,15,36,175,413.51,1,1,2,3,Muy feliz,1,0,0,EL ORO
665,553.59,hombre,44,14,24,104,2775.67,1,1,3,4,Normal,1,1,4,GUAYAS
666,"961,61",MUJER ,55,15,34,161,669.36,0,3,4,4,Muy triste,1,0,0, El Oro
667,  416,mujer,37,6,24,208,512.44,0,2,1,1,Normal,1,1,4,Azuay
668,808.01, Mujer,45,11,26,258,286.69,1,1,1,4,Feliz,1,1,3,GUAYAS
669,330.79,Hombre,54,2,42,211,573.34,0,2,2,4,Normal,1,1,4,El Oro
670,  220, Mujer,26,4,10,128,3940.62,0,2,1,3,Triste,1,0,1, El Oro
671,  310, Mujer,40,14,20,122,319.01,0,2,1,4,Normal,1,0,2,El  Oro
672,"660,58",Mujer,30,12,10,241,695.35,0,3,1,4,Triste,1,0,2,EL ORO
673,"836,71",Mujer,65,11,44,156,1823.98,0,2,3,5,Normal,1,1,1,El Oro
674,"767,69",Hombre ,48,8,32,160,422.32,0,2,3,5,Muy triste,1,0,1,GUAYAS
675,"540,46",Hombre ,18,11,0,121,739.01,1,1,2,1,Muy feliz,0,0,0,EL ORO
676,586.63,mujer,63,14,41,128,2856.03,0,3,1,3,Feliz,0,0,0,El  Oro
677,2810.33,hombre,51,22,25,135,3191.05,1,1,1,4,Normal,0,0,2,El Oro
678,"531,71",Hombre ,48,15,26,90,1259.95,1,1,4,4,Triste,0,1,2,el oro
679,816.25,Hombre ,28,16,9,226,1499.22,0,2,1,1,Muy feliz,1,0,1,LOJA
680,"1.023,34",Hombre,25,20,0,173,606.78,0,3,2,3,Triste,0,0,1,Guayas
681,"855,99",hombre,19,4,6,152,1230.48,0,3,4,2,Feliz,1,0,0,GUAYAS
682,"438,65",Mujer,18,8,6,217,1081.66,0,2,1,4,Normal,1,1,2,Azuay
683,707.06,H,63,18,41,117,1511.43,1,1,1,1,Feliz,1,1,4, El Oro
684,546.65,MUJER ,24,15,1,132,2470.17,1,1,1,4,Triste,1,1,0,el oro
685,301.33, Mujer,34,11,16,158,970.79,0,3,2,1,Triste,1,1,5, El Oro
686,424.53,H,19,14,0,186,480.53,1,1,1,3,Muy triste,1,0,2,el oro
687,886.82,HOMBRE,58,15,36,210,961.8,0,3,1,4,Normal,1,1,2,guayas
688,302.60,mujer,52,5,,131,993.85,1,1,4,3,Triste,1,1,1,El  Oro
689,425.07,Hombre ,21,10,6,222,,0,2,1,2,Triste,1,1,3,el oro
690,NA, Mujer,42,13,23,241,6328.55,1,1,4,4,Muy triste,1,1,2, El Oro
691,"712,00",hombre,39,11,21,152,543.66,0,2,1,1,Triste,1,1,3,El  Oro
692,995.79,H,22,14,1,197,1216.29,1,1,1,3,Muy triste,1,1,4,EL ORO
693,"516,58",MUJER ,27,16,7,192,1032.35,0,2,1,5,Triste,0,1,1,LOJA
694,  1256,Hombre ,32,9,17,167,1741.38,1,1,3,2,Feliz,1,1,2, Loja
695,"340,49",Hombre ,30,7,14,134,608.41,0,3,2,3,Triste,1,0,1, Loja
696,1267.58, Mujer,22,17,0,156,584.65,0,2,4,5,Muy feliz,1,0,1,El  Oro
697,  717,H,20,7,7,205,1728.66,0,2,2,3,Triste,1,0,1,El  Oro
698,"911,79",HOMBRE,20,13,0,173,1753.43,0,2,1,2,Triste,1,0,0, Loja
699,402.07,M,18,13,0,142,3479.18,0,2,2,3,Feliz,1,1,1, El Oro
700,"446,13",mujer,23,11,3,233,369.81,0,2,3,1,Normal,1,0,0,el oro
701,"535,34",HOMBRE,29,17,8,145,661.59,1,1,3,5,Normal,0,1,2, El Oro
702,,MUJER ,20,7,6,205,426.39,1,1,4,1,Feliz,1,0,1,El Oro
703,"696,68",H,49,5,36,217,429.71,0,2,3,2,Muy triste,1,1,3,El Oro
704,769.08,M,19,14,0,182,2914.36,0,2,1,4,Normal,0,0,1,Azuay
705,488.34,HOMBRE,65,6,49,152,1273.18,1,1,4,1,Feliz,1,1,1,el oro
706,"721,44",Hombre ,18,13,1,999,753.21,1,1,4,3,Normal,0,0,1,el oro
707,1004.21,Mujer,26,13,9,209,908.71,1,1,4,4,Normal,1,1,3, El Oro
708,1124.13,hombre,30,7,15,273,1197.77,0,2,3,3,Muy triste,0,0,2, El Oro
709,"1.280,04",Hombre ,35,16,14,206,4338.57,1,1,3,4,Triste,0,1,2,Loja
710,"755,25",Hombre ,31,7,17,276,2370.41,0,3,2,2,Normal,1,0,0,Azuay
711,663.20,Hombre,37,6,23,199,3392.87,0,2,1,5,Feliz,1,1,1,Azuay
712,543.90,Hombre,39,14,17,164,3160.41,0,3,1,1,Feliz,1,0,0,El  Oro
713,474.20, Mujer,27,7,14,128,2411.06,0,3,2,5,Normal,1,1,4,GUAYAS
714,  934,hombre,33,18,11,183,2105.95,1,1,1,3,Muy feliz,1,1,2,guayas
715,"1.570,83",H,24,13,7,196,3742.96,1,1,3,4,Normal,1,0,1,Loja
716,686.51,HOMBRE,22,8,8,160,1222.47,0,3,1,4,Feliz,1,1,1, El Oro
717,  695,hombre,56,15,34,77,4009.4,1,1,1,1,Muy feliz,1,1,3,Guayas
718,  574,M,21,15,2,172,661.04,1,1,1,5,Normal,1,0,1,el oro
719,693.71,H,21,16,0,120,1134.44,0,2,4,4,Normal,1,0,1,Azuay
720,NA,mujer,32,17,,160,4485.27,1,1,3,2,Normal,1,0,0,el oro
721,"685,15",H,99,10,17,166,457.59,0,2,2,2,Triste,1,1,1,el oro
722,"650,81",HOMBRE,37,10,20,139,2867.96,1,1,2,1,Normal,1,0,4,EL ORO
723,"462,57",hombre,64,12,47,153,610.42,0,3,1,1,Feliz,1,1,3,el oro
724,"214,63",mujer,30,11,15,67,796.28,0,2,1,1,Normal,0,0,0,LOJA
725,1063.63,H,51,17,27,165,175.71,1,1,4,5,Muy feliz,1,1,2,EL ORO
726,"436,09",mujer,41,5,24,226,1854.03,0,2,2,1,Triste,1,0,1,LOJA
727,"1.388,78",hombre,23,12,7,221,3532.41,0,2,3,5,Normal,1,1,4,El Oro
728,797.96,Hombre,20,10,6,233,2227.34,1,1,2,4,Normal,1,0,3,Loja
729,490.79, Mujer,50,12,33,70,1655.61,0,3,3,2,Feliz,1,1,3,guayas
730,NA,HOMBRE,24,14,5,237,2689.05,1,1,2,3,Muy triste,1,1,3,EL ORO
731,272.29,mujer,20,15,1,88,184.36,0,2,1,1,Normal,1,0,2,el oro
732,528.22,hombre,26,18,1,174,403.74,0,2,2,3,Normal,1,0,0,El  Oro
733,999999, Mujer,20,15,0,252,2051.63,0,2,2,1,Normal,1,0,1, El Oro
734,1065.53,M,62,14,41,211,1918.65,0,3,2,5,Feliz,1,1,1,El Oro
735,"1.243,76",HOMBRE,38,99,18,86,,0,3,1,4,Triste,1,0,1,GUAYAS
736,524.97,Hombre,23,14,2,181,2132.75,1,1,1,3,Muy feliz,1,0,1,el oro
737,  858,hombre,36,11,19,173,8421,1,1,1,3,Feliz,1,0,,Azuay
738,"550,53",M,40,8,22,107,3065.48,1,1,3,1,Normal,1,0,0,Guayas
739,411.68, Mujer,34,13,15,156,1099.29,0,2,1,5,Normal,1,1,1,guayas
740,  983,Hombre ,53,13,34,160,884,1,1,4,2,Normal,0,1,3,El Oro
741,"428,45",Hombre ,19,9,2,155,1765.3,1,1,1,3,Triste,1,1,3,el oro
742,"866,01",Mujer,55,99,34,185,3513.34,0,2,2,1,Muy feliz,1,1,2,guayas
743,  1161,hombre,35,18,10,219,805.94,1,1,2,1,Normal,1,1,1,El  Oro
744,s/i,MUJER ,21,13,0,266,1121.06,0,2,2,4,Normal,1,0,0,Loja
745,  398, Mujer,44,12,27,125,1071.67,0,2,1,1,Normal,1,0,1, El Oro
746,1040.69,hombre,49,14,28,224,1488.68,1,1,3,3,Muy feliz,1,1,0,El Oro
747,"436,56",hombre,26,3,10,152,662.92,0,2,1,4,Normal,1,0,1,El  Oro
748,"1.041,46",M,21,15,2,174,,1,1,1,3,Feliz,1,0,1,AZUAY
749,  404, Mujer,60,8,45,171,386.12,0,3,2,3,Normal,0,0,1,EL ORO
750,,Hombre ,57,17,34,180,4335.57,1,1,1,1,Muy feliz,1,1,3, El Oro
751,"717,50",Mujer,52,17,28,160,1583.88,0,3,1,2,Muy feliz,1,1,1, Loja
752,566.48, Mujer,24,9,7,141,1559.17,0,2,2,1,Normal,1,1,2,LOJA
753,"595,04",H,41,19,15,162,465.94,1,1,1,1,Feliz,1,1,1, El Oro
754,828.25,MUJER ,61,15,40,200,941.24,0,2,1,4,Normal,0,1,3,EL ORO
755,438.83, Mujer,22,11,5,244,468.12,0,2,1,3,Triste,1,0,1, Loja
756,"326,51",Hombre,30,12,12,120,523.78,0,2,3,3,Normal,0,0,1,Guayas
757,"552,33",HOMBRE,45,6,29,180,590.36,0,3,2,4,Muy triste,1,0,0, El Oro
758,  1045, Mujer,22,17,0,112,1510.31,0,2,3,1,Muy feliz,1,0,0,el oro
759,602.78,H,23,15,2,218,700.45,1,1,1,1,Feliz,1,0,2,EL ORO
760,"545,31",H,23,9,9,181,434.8,1,1,2,3,Feliz,1,1,4,Azuay
761,  626,mujer,40,20,13,128,335.59,1,1,2,1,Normal,0,0,2,El  Oro
762,"326,31", Mujer,41,8,24,194,255.89,1,1,2,4,Normal,1,0,3,El  Oro
763,"786,51",Mujer,41,9,27,183,960.39,0,3,3,5,Feliz,0,0,0,El  Oro
764,1039.32,hombre,39,15,18,131,3729.91,1,1,2,5,Feliz,1,1,2, Loja
765,772.94,M,41,16,18,215,1318.54,1,1,2,3,Normal,0,1,2, El Oro
766,  184,Hombre,64,4,50,170,652.87,0,2,1,1,Feliz,0,1,4,el oro
767,"887,28",Mujer,39,11,23,150,777.98,0,2,2,1,Feliz,0,1,1,LOJA
768,673.93,Hombre,64,4,47,161,7611.5,0,2,2,5,Normal,0,0,1,Azuay
769,737.52,M,33,11,16,166,4412.75,1,1,2,3,Feliz,1,1,3,El  Oro
770,  699,H,60,8,44,187,1476.66,0,2,1,3,Feliz,1,1,2, El Oro
771,440.49,Hombre,44,15,23,174,295.33,1,1,2,4,Normal,1,1,1,GUAYAS
772,1318.17,Hombre ,49,12,30,168,4203.32,0,2,4,2,Feliz,1,1,0, El Oro
773,"485,90",Hombre,40,5,24,152,1362.02,0,3,4,1,Feliz,1,1,1, El Oro
774,"859,19",Hombre ,47,18,22,139,503.84,1,1,1,3,Feliz,1,0,0,LOJA
775,s/i,H,18,5,2,197,318.87,0,3,3,2,Feliz,1,0,1,AZUAY
776,"472,35", Mujer,47,14,27,171,1199.72,0,3,1,4,Normal,1,1,4,EL ORO
777,597.75, Mujer,30,8,15,141,1701.08,0,2,1,1,Triste,1,0,2,EL ORO
778,"510,76",HOMBRE,30,5,13,170,743.42,0,2,3,2,Normal,1,1,1,LOJA
779,"469,94",hombre,55,9,41,152,1222.6,0,2,3,2,Muy feliz,1,1,1,Azuay
780,  889, Mujer,40,14,17,218,1459.82,0,2,1,4,Muy triste,0,0,1,Azuay
781,850.53,M,56,12,40,228,1097.87,0,3,3,3,Normal,1,0,1,EL ORO
782,NA,hombre,60,13,39,87,3146.24,0,3,4,2,Muy feliz,1,1,0,Azuay
783,998.63,M,19,14,0,164,826.16,1,1,4,2,Triste,1,1,0,EL ORO
784,"904,58",M,28,9,14,181,1214.54,1,1,2,2,Feliz,1,0,1, El Oro
785,740.62, Mujer,99,18,19,138,687.7,1,1,2,2,Normal,1,1,3,El Oro
786,"579,01",Hombre ,28,16,4,113,1273.28,1,1,1,3,Normal,1,1,2, Loja
787,"832,07",HOMBRE,25,19,,174,1085.27,1,1,2,3,Feliz,1,1,4, El Oro
788,"2.009,07",Hombre ,38,19,13,191,1588.34,1,1,2,2,Muy feliz,1,0,1,Azuay
789,453.19,MUJER ,20,9,3,183,,0,2,1,4,Feliz,1,0,0,Loja
790,  1131,HOMBRE,32,18,10,179,1408.54,1,1,3,5,Feliz,0,0,0,GUAYAS
791,,Hombre ,50,15,29,174,1061.72,1,1,3,1,Triste,1,1,2,LOJA
792,"882,23",mujer,61,5,45,189,6423.78,0,3,4,1,Muy triste,1,0,2,EL ORO
793,"1.377,31",H,46,14,27,192,3541.83,1,1,2,5,Muy feliz,0,1,2,GUAYAS
794,"750,38",Hombre,21,16,0,119,1656.8,0,2,3,5,Feliz,1,0,0,El Oro
795,"1.021,43",Hombre,28,18,4,155,3903.56,1,1,1,2,Muy triste,0,0,0,EL ORO
796,  703,hombre,56,14,35,141,1031.52,0,2,2,1,Triste,1,1,0,Azuay
797,  490,Hombre ,49,5,33,130,1464.2,0,2,1,1,Triste,0,1,3,EL ORO
798,652.12,Hombre,21,15,0,111,416.01,0,3,1,2,Muy feliz,1,0,2,EL ORO
799,1236.71,hombre,28,19,2,185,1381.71,1,1,3,2,Feliz,1,1,1,EL ORO
800,904.27,HOMBRE,33,6,18,240,948.2,0,2,3,2,Normal,1,0,0,El Oro
801,705.13,mujer,28,14,7,147,2340.51,0,2,1,4,Triste,0,0,0, Loja
802,s/i,H,18,13,0,172,685.81,0,2,1,3,Normal,1,0,0,AZUAY
803,"1.105,47",hombre,49,12,30,197,1885.38,1,1,1,5,Normal,1,0,3,Guayas
804,716.88,MUJER ,21,12,3,142,1098.07,0,2,1,1,Triste,1,1,0,Azuay
805,700.42,HOMBRE,54,5,38,206,768.07,0,2,2,5,Normal,0,1,2,el oro
806,2318.89,H,38,12,25,127,13834.92,1,1,4,4,Feliz,0,0,0,El Oro
807,"277,31",MUJER ,43,14,24,122,656.57,0,2,1,1,Triste,1,1,1,el oro
808,413.44,M,57,16,33,94,531.29,0,3,3,1,Feliz,0,1,0,El Oro
809,"799,96", Mujer,54,15,34,226,1008.65,1,1,1,1,Triste,1,0,0,El  Oro
810,592.42,MUJER ,48,11,32,171,,0,3,2,2,Normal,1,0,1,guayas
811,1065.57,hombre,39,16,19,227,1064.83,0,3,4,2,Normal,1,1,2,Azuay
812,  540,Hombre,31,10,15,212,535.15,0,2,1,5,Normal,1,1,2,Azuay
813,"1.290,35",Mujer,30,21,1,999,859.12,1,1,1,3,Muy feliz,0,0,0,GUAYAS
814,629.26,HOMBRE,25,11,8,139,1913.2,0,2,1,2,Triste,0,0,1,Guayas
815,374.33,Mujer,51,6,39,150,1469.75,0,2,1,5,Normal,1,0,0, El Oro
816,654.22,Mujer,26,13,8,133,4228.09,0,3,3,4,Normal,1,0,1,el oro
817,"1.670,81",HOMBRE,52,15,33,234,2474.19,0,2,1,5,Feliz,1,1,2,El Oro
818,908.87,H,27,15,7,202,765.91,1,1,1,4,Feliz,0,0,0,LOJA
819,"1.347,71",H,31,16,7,142,2606.59,1,1,2,1,Normal,1,0,1, El Oro
820,614.31,mujer,24,12,4,198,1055.06,0,2,1,3,Feliz,1,0,0,El Oro
821,1150.10,mujer,65,21,36,127,2361,0,2,2,3,Muy feliz,0,1,3, Loja
822,1035.04,hombre,33,16,10,154,1055.29,1,1,1,4,Muy feliz,1,0,0,EL ORO
823,  509, Mujer,62,11,49,126,713.09,0,3,3,3,Normal,1,0,0,Loja
824,"1.661,40",hombre,48,17,24,177,3285.54,1,1,3,4,Muy feliz,1,1,1,el oro
825,1397.43,Hombre,49,18,23,225,825.38,0,2,2,4,Feliz,1,1,2,El  Oro
826,  769,MUJER ,19,12,0,161,1588.93,0,2,3,5,Normal,1,1,3,El  Oro
827,"1.439,35",HOMBRE,34,14,14,199,2045.77,1,1,1,1,Muy triste,0,1,3,Azuay
828,"1.262,05",M,23,18,1,135,2515.86,0,2,2,4,Triste,0,0,0,LOJA
829,276.11,MUJER ,49,6,33,123,1031.23,0,2,1,5,Triste,1,1,0,LOJA
830,386.43,Mujer,62,10,48,210,627.09,0,3,4,1,Normal,0,0,0, El Oro
831,"771,90",hombre,50,12,32,181,1268.74,0,2,2,3,Normal,1,1,4,AZUAY
832,701.75,H,62,10,46,215,457.97,0,2,2,5,Normal,1,1,1,EL ORO
833,535.79,Hombre,54,5,38,181,1473.19,1,1,1,3,Feliz,0,1,3, El Oro
834,"490,92",mujer,29,11,12,183,1417.14,0,2,2,2,Triste,0,0,0,EL ORO
835,532.29,M,19,13,1,201,340.31,1,1,3,3,Muy feliz,1,1,1,guayas
836,  756,M,27,7,14,280,604.13,0,2,2,4,Triste,0,0,1,guayas
837,  711,Hombre ,63,17,42,241,646.03,0,2,1,3,Feliz,0,0,2,Guayas
838,1180.45,Hombre,41,14,18,242,549.89,1,1,4,3,Muy triste,1,0,0, El Oro
839,846.86, Mujer,37,16,17,180,1708.01,1,1,1,5,Feliz,0,1,2,AZUAY
840,,HOMBRE,20,8,6,184,779.58,0,2,1,1,Normal,1,0,0, El Oro
841,"414,00",Hombre ,19,6,5,149,1170.95,1,1,4,5,Normal,1,0,0,el oro
842,"860,09",mujer,52,10,36,172,2017.4,0,2,3,5,Normal,1,0,0,Loja
843,384.61,MUJER ,46,9,33,142,635.2,0,3,1,1,Normal,1,0,2,El  Oro
844,  529,mujer,56,9,44,122,1550.12,0,3,1,4,Feliz,0,1,0,Azuay
845,335.07,H,18,13,0,169,344.17,1,1,1,1,Normal,0,1,3,El Oro
846,240.50,Hombre ,19,13,1,149,294.88,0,2,3,5,Muy feliz,1,0,3,el oro
847,550.82, Mujer,29,10,14,114,1825.18,0,3,3,3,Triste,0,1,1,el oro
848,842.82,M,54,11,37,209,847.62,1,1,1,5,Feliz,1,0,3,Azuay
849,,M,27,10,10,70,4565.29,0,2,2,3,Normal,1,0,0,Loja
850,690.42,hombre,61,9,44,186,3386.46,1,1,1,5,Muy feliz,1,1,0, El Oro
851,,hombre,27,99,9,123,708.03,0,2,2,5,Feliz,1,0,0,Azuay
852,"981,86",HOMBRE,50,14,30,161,595.79,1,1,3,1,Muy feliz,1,1,3,guayas
853,  644,M,30,6,15,200,7138.47,0,3,1,3,Muy feliz,1,0,1, El Oro
854,564.78,hombre,18,10,3,165,1262.07,0,2,2,2,Triste,0,0,0,GUAYAS
855,565.69,HOMBRE,32,6,17,145,1100.29,0,2,1,5,Normal,0,1,0, El Oro
856,464.02,mujer,22,12,4,221,1737.6,0,2,2,2,Feliz,0,0,0,Loja
857,"766,62",Mujer,24,7,11,228,485.13,0,2,2,4,Triste,0,1,4,El Oro
858,797.30,H,58,10,42,191,1449.28,0,3,1,3,Feliz,0,1,1,El  Oro
859,  706,Hombre,33,8,18,192,1943.38,0,2,1,2,Normal,0,1,0,el oro
860,NA,H,64,12,46,216,1279.29,0,3,3,4,Muy feliz,1,0,1, El Oro
861,552.07,hombre,23,10,6,117,,0,2,2,5,Muy feliz,1,1,3,LOJA
862,352.50, Mujer,25,4,11,105,223.12,0,3,4,5,Feliz,0,1,3, El Oro
863,539.20,Mujer,20,9,5,139,,0,2,2,4,Feliz,0,0,1,Guayas
864,387.27,Mujer,33,9,18,272,1367.57,1,1,1,1,Normal,0,1,1,Loja
865,401.62,H,39,12,22,136,859.25,1,1,1,5,Feliz,1,1,3,El  Oro
866,669.92,M,31,13,13,154,891.76,0,3,1,4,Feliz,1,1,4,LOJA
867,"567,85",Hombre ,21,14,0,176,869.95,0,2,1,3,Feliz,0,0,0,el oro
868,  1733,Hombre,58,19,33,237,653.17,1,1,3,3,Feliz,1,0,1,Azuay
869,NA,Hombre ,21,16,0,89,1267.22,0,2,3,4,Muy feliz,0,0,0,El  Oro
870,, Mujer,55,5,42,141,238.5,0,2,1,1,Triste,1,1,2,GUAYAS
871,384.56,Hombre ,30,7,12,174,2188.63,0,2,2,2,Normal,0,0,2,Guayas
872,457.05,MUJER ,38,11,21,217,1335.99,0,2,1,1,Normal,1,0,2,Guayas
873,687.18,MUJER ,38,5,24,240,1651.85,0,2,1,3,Muy feliz,1,1,2,guayas
874,615.08,hombre,29,16,5,164,532.29,1,1,1,1,Muy feliz,0,1,5,El Oro
875,518.53,MUJER ,26,13,6,182,733.46,0,3,1,2,Normal,1,0,0,el oro
876,"1.020,56",Mujer,56,10,40,234,3595.43,0,2,2,4,Feliz,1,1,0,El Oro
877,"395,18",MUJER ,20,15,0,167,494.38,0,3,3,3,Muy triste,0,0,0,El Oro
878,"490,85",HOMBRE,36,8,20,259,623.4,1,1,1,5,Normal,0,1,2,Loja
879,633.40,H,35,10,19,240,791.47,1,1,2,4,Normal,1,0,0,El  Oro
880,623.90,hombre,20,9,5,129,1554.81,1,1,3,1,Muy feliz,1,0,0,El Oro
881,1032.19, Mujer,34,15,11,236,,1,1,1,5,Muy feliz,1,1,1,El Oro
882,s/i,MUJER ,37,15,16,119,589.17,1,1,2,3,Triste,0,0,0,EL ORO
883,543.06,Hombre,23,11,6,101,817.73,1,1,3,5,Triste,1,1,0,Loja
884,"926,89",Hombre,19,14,0,172,1587.04,0,2,2,4,Feliz,0,0,3,el oro
885,575.57,hombre,18,12,0,101,497.12,0,2,1,4,Feliz,0,0,1,El  Oro
886,515.86,Hombre ,23,12,3,139,976.53,0,2,1,5,Triste,1,1,0,Azuay
887,711.47,H,48,15,23,239,581.15,1,1,3,4,Triste,1,1,1,Loja
888,  508,Hombre ,26,99,7,134,1554.54,1,1,1,5,Feliz,0,0,0,el oro
889,  627,H,51,10,35,177,1499.25,1,1,1,2,Feliz,0,0,1,EL ORO
890,808.05,Hombre ,32,11,18,218,1700.53,0,3,4,2,Muy triste,1,1,2,Azuay
891,  1060,Hombre,38,9,25,162,5563.21,1,1,4,2,Normal,0,1,4,Azuay
892,,Hombre ,27,17,3,134,2807.88,1,1,1,3,Normal,0,0,0,EL ORO
893,1118.55,HOMBRE,31,17,9,181,574.67,0,2,4,3,Muy triste,0,0,1,AZUAY
894,"472,43",Mujer,32,19,5,169,497.61,1,1,1,3,Muy feliz,0,1,3,Azuay
895,615.05,Hombre,33,13,15,162,496.75,1,1,1,2,Feliz,1,1,2,GUAYAS
896,"1.476,87",mujer,31,15,12,194,2643.2,0,3,4,3,Muy feliz,1,1,1,El Oro
897,1028.89,H,35,15,14,260,563.28,0,3,2,1,Feliz,1,1,2, El Oro
898,918.15,M,44,19,20,173,1280.94,1,1,1,3,Normal,0,1,0,el oro
899,725.55,Mujer,56,7,41,214,3036.45,0,3,2,2,Muy feliz,1,0,1,Loja
900,"455,57",MUJER ,22,16,0,68,2960.92,1,1,3,3,Triste,0,0,1,Loja
901,  377,HOMBRE,43,11,25,51,1259.7,1,1,2,2,Normal,0,1,3, Loja
902,373.80,Mujer,22,15,3,93,518.35,1,1,1,5,Normal,1,0,0, Loja
903,  899,H,63,17,40,130,2591.63,1,1,3,3,Feliz,1,1,1, Loja
904,  561,hombre,35,6,19,227,2564.67,1,1,1,3,Normal,1,1,2,El  Oro
905,  875,H,99,15,10,194,1351.7,0,3,1,1,Muy triste,1,1,1,El Oro
906,"924,26",Hombre ,59,10,44,177,3123.21,0,2,1,2,Muy feliz,0,0,1,GUAYAS
907,999999,MUJER ,23,11,5,199,1566.78,0,3,2,2,Feliz,0,0,2,Loja
908,731.38, Mujer,34,15,13,129,1327.31,0,3,1,4,Triste,1,1,1,Loja
909,"879,30",HOMBRE,41,16,19,131,1559.05,1,1,3,5,Normal,1,0,1,Loja
910,292.65,Hombre,21,5,4,297,383.43,0,2,2,1,Feliz,0,0,1,EL ORO
911,400.18,HOMBRE,22,12,3,120,361.47,1,1,2,1,Normal,0,1,3,guayas
912,  933,H,62,15,40,221,,1,1,2,3,Feliz,0,1,0,guayas
913,"688,51", Mujer,39,14,20,216,536.47,1,1,4,3,Triste,1,1,1, Loja
914,s/i,mujer,52,10,35,209,678.6,1,1,1,1,Muy triste,1,1,3,el oro
915,"512,23",M,20,15,1,127,954.2,1,1,3,2,Feliz,1,0,2,Loja
916,633.26,hombre,22,11,3,196,1769,0,2,2,4,Feliz,1,1,1,El Oro
917,767.46,Hombre ,33,14,12,251,858.22,0,3,1,4,Normal,0,1,0,Guayas
918,"1.006,49",Hombre ,43,9,28,282,719.72,1,1,2,3,Triste,0,0,1,el oro
919,,hombre,21,11,5,165,1723.26,1,1,2,1,Normal,1,0,2,AZUAY
920,311.74,Hombre,39,9,25,137,762.4,1,1,1,3,Feliz,0,1,2,el oro
921,1138.48,Mujer,29,12,12,190,6175.58,1,1,1,5,Muy feliz,0,0,1,El Oro
922,1462.39,Hombre ,30,20,3,198,943.78,1,1,2,1,Triste,1,1,3,Loja
923,"800,21",HOMBRE,28,8,12,178,,0,2,1,5,Feliz,1,0,1,El Oro
924,"826,44",HOMBRE,61,14,43,199,690.72,0,3,3,1,Normal,1,1,3,El Oro
925,"662,04", Mujer,40,12,23,165,2367.04,1,1,1,2,Muy triste,1,1,6,AZUAY
926,776.85,H,60,14,40,103,977.63,1,1,1,1,Muy feliz,1,0,2,guayas
927,"568,21",H,34,13,14,150,1451.62,1,1,3,1,Triste,1,0,0, Loja
928,,hombre,58,99,40,185,6062.43,1,1,2,4,Feliz,1,0,0,Loja
929,"522,89",Mujer,64,5,50,167,2395.03,0,3,1,4,Normal,1,0,2,EL ORO
930,802.95,M,30,10,14,208,2468.28,0,3,1,2,Normal,0,0,0,EL ORO
931,"427,02",Mujer,18,8,1,157,691.45,0,2,1,1,Feliz,1,1,3,GUAYAS
932,548.04,mujer,21,7,6,180,1600.47,0,2,3,4,Triste,1,1,1,Azuay
933,"406,10",MUJER ,34,10,18,128,1308.15,0,2,2,1,Muy feliz,1,0,1,el oro
934,  642,M,30,7,13,148,1401.72,0,2,3,4,Muy feliz,1,0,4,El Oro
935,599.09,hombre,23,14,3,151,691.35,0,2,1,4,Feliz,0,0,3,Guayas
936,724.04,Hombre,43,99,24,132,4105.62,0,2,2,4,Normal,1,0,0,El Oro
937,"813,58", Mujer,46,16,26,152,581.19,1,1,1,1,Feliz,0,1,2, El Oro
938,1764.42,H,45,13,25,151,2494,1,1,3,3,Normal,1,0,0,El Oro
939,"585,78",Hombre ,28,16,5,153,543.45,0,2,1,2,Feliz,1,0,0,Loja
940,"706,37",H,45,8,30,199,4133,1,1,1,4,Muy feliz,1,1,1, Loja
941,  873,Hombre ,26,17,3,170,1769.97,0,2,1,1,Normal,1,0,0,Loja
942,567.92,hombre,61,14,42,195,2510.15,1,1,1,1,Muy triste,0,1,2,EL ORO
943,NA, Mujer,33,16,10,184,964.08,1,1,2,4,Feliz,1,1,1,guayas
944,905.34,hombre,51,12,33,181,2645.31,0,2,3,5,Normal,1,1,0,El Oro
945,483.18, Mujer,29,7,14,184,1838.55,0,2,2,4,Normal,1,0,2, El Oro
946,"513,45",H,23,10,5,235,465.72,0,3,1,3,Normal,1,1,1,GUAYAS
947,  866,hombre,30,8,16,144,2208.63,0,3,3,4,Muy feliz,0,1,0,Guayas
948,  1149,HOMBRE,23,10,6,198,1602.96,0,2,4,4,Triste,1,0,0,GUAYAS
949,  472,H,18,13,0,80,1434.24,1,1,2,3,Normal,1,1,1,El Oro
950,480.48, Mujer,25,17,2,114,824.45,1,1,1,2,Feliz,1,1,2, El Oro
951,  542,M,48,10,32,158,1379.27,0,3,4,3,Feliz,1,0,0,GUAYAS
952,644.98,Hombre ,47,9,33,999,717.99,1,1,1,3,Normal,1,1,2, El Oro
953,407.48,Hombre,57,9,37,148,418.64,1,1,4,2,Feliz,1,1,1,GUAYAS
954,343.56,H,46,12,28,208,236.23,0,3,1,3,Triste,1,0,0,LOJA
955,692.72,Hombre ,23,8,9,187,979.51,0,2,3,5,Triste,0,0,2,el oro
956,"701,55",M,57,8,40,139,2820.48,0,2,2,3,Normal,1,1,2,El  Oro
957,740.86, Mujer,32,13,12,228,1092.22,0,2,2,3,Normal,1,1,2,Guayas
958,961.47,Hombre ,20,11,4,160,5968.61,1,1,2,5,Feliz,1,1,3,El Oro
959,"1.066,82",Hombre ,48,11,33,191,831.34,1,1,4,5,Feliz,1,0,0,el oro
960,"456,34",Hombre,52,14,31,144,521.2,1,1,1,1,Triste,1,1,2,GUAYAS
961,"418,13",mujer,59,11,43,193,307.89,0,3,4,1,Muy triste,1,1,3,Azuay
962,,HOMBRE,25,9,11,165,1151.97,0,2,1,2,Normal,0,0,2,guayas
963,"964,52",MUJER ,30,11,11,999,2957.15,1,1,3,3,Normal,0,1,2, El Oro
964,1703.83,H,27,13,6,231,5025.47,0,2,4,4,Normal,0,1,2,EL ORO
965,422.61,Hombre,19,10,0,179,1687.75,0,2,1,3,Triste,1,0,0,guayas
966,"311,19",M,20,15,0,71,1635.28,1,1,1,3,Normal,0,1,1,EL ORO
967,"846,73",mujer,25,20,0,207,769.45,0,2,3,3,Feliz,1,0,3,el oro
968,357.54,H,59,12,42,172,236.9,0,2,1,2,Triste,1,1,0, El Oro
969,668.36,Mujer,59,3,45,183,2206.22,0,2,4,5,Normal,1,0,0,el oro
970,"926,89",HOMBRE,39,9,24,127,3593.33,0,2,3,1,Muy triste,0,1,3,Azuay
971,677.64,hombre,24,14,3,148,630.13,1,1,2,5,Feliz,1,1,1, Loja
972,"689,00",Hombre ,36,14,14,999,1058.32,0,3,3,4,Normal,1,1,2,El Oro
973,"461,04",Mujer,19,6,3,208,,0,3,2,3,Triste,0,1,2,El  Oro
974,525.04,hombre,26,16,3,167,1003.83,1,1,2,3,Normal,0,1,1,LOJA
975,432.29,hombre,30,99,10,179,1461.89,0,2,1,1,Normal,0,1,1,EL ORO
976,"805,44", Mujer,56,99,32,169,733.94,1,1,1,4,Feliz,1,1,0,EL ORO
977,  1382,M,37,12,19,210,5267.59,1,1,3,3,Triste,1,0,1,guayas
978,846.30,mujer,53,20,28,98,684.34,0,3,4,4,Muy feliz,1,1,3, El Oro
979,"1.401,08",Hombre ,40,15,20,216,615.39,1,1,4,2,Triste,1,1,4,EL ORO
980,"616,33",H,21,12,0,136,2881.05,0,3,2,4,Normal,1,1,2, El Oro
981,"434,99",mujer,26,11,8,180,721.37,1,1,3,5,Normal,1,1,2,Loja
982,297.38,HOMBRE,99,6,18,999,293.38,0,2,2,3,Muy triste,0,0,0,El Oro
983,  324,,23,10,8,179,792.04,1,1,1,5,Feliz,0,0,0,El Oro
984,"637,61",Hombre ,29,11,13,127,1799.41,1,1,1,1,Triste,1,0,1,el oro
985,553.82,hombre,22,99,0,215,962.3,1,1,1,5,Normal,1,1,2, Loja
986,,H,39,9,25,168,580.46,1,1,3,5,Muy feliz,1,1,4,AZUAY
987,,H,34,12,16,193,209.32,1,1,1,4,Normal,1,0,0,Loja
988,"1.272,63", Mujer,44,14,24,116,7120.39,1,1,2,1,Feliz,1,0,0,Guayas
989,648.30,HOMBRE,24,17,2,198,833.63,1,1,1,1,Feliz,1,0,3,el oro
990,  558,MUJER ,27,12,9,190,931.54,1,1,2,3,Normal,1,0,1,El  Oro
991,"1.060,96",MUJER ,35,16,13,133,3955.65,0,2,1,1,Normal,1,1,3,guayas
992,"319,88",MUJER ,27,7,10,203,1902.96,0,3,2,3,Normal,1,0,0,EL ORO
993,  701,HOMBRE,20,10,3,102,3116.82,1,1,1,4,Normal,1,0,1,GUAYAS
994,  882,Hombre ,26,18,3,149,1083.21,1,1,1,3,Normal,1,1,4,El Oro
995,"271,74",Hombre ,250,14,44,132,103.66,1,1,1,5,Muy triste,0,0,0,El Oro
996,  481, Mujer,18,12,1,74,1874.25,0,2,1,2,Muy triste,1,0,2,GUAYAS
997,"873,44",mujer,55,17,34,123,5670.94,1,1,1,4,Normal,0,1,3,Azuay
998,355.44,mujer,62,7,44,246,1133.92,0,3,1,5,Normal,0,1,1,El  Oro
999,1515.44,hombre,34,16,11,177,3247.09,0,2,2,4,Feliz,1,1,1,EL ORO
1000,337.48,mujer,21,9,5,147,359.62,0,2,2,5,Feliz,1,0,2,GUAYAS
1001,  431, Mujer,35,3,21,202,3705.4,0,3,1,3,Muy feliz,1,0,1,EL ORO
1002,769.30,Hombre,62,99,41,171,2024.79,1,1,2,1,Feliz,1,0,0,AZUAY
1003,  799,Hombre ,23,13,2,209,3132.76,0,2,1,3,Normal,1,0,0,Loja
1004,700.19,Mujer,42,16,17,211,1198.39,0,2,2,4,Muy feliz,0,0,1, El Oro
1005,s/i,Mujer,99,14,1,163,322.81,0,2,2,5,Feliz,1,0,2,Guayas
1006,454.27,HOMBRE,54,7,40,161,562.28,0,2,2,3,Triste,1,1,3,el oro
1007,826.72,H,20,15,2,210,819.06,1,1,2,5,Triste,1,1,3,AZUAY
1008,"571,99",HOMBRE,43,13,21,133,687.42,1,1,1,5,Triste,0,0,2,Azuay
1009,  1028,hombre,22,17,4,158,699.35,1,1,3,4,Muy triste,0,0,0, Loja
1010,447.67,mujer,54,12,35,56,1237.1,1,1,1,5,Normal,1,1,1,el oro
1011,,M,39,13,22,112,1777.78,0,2,4,1,Muy feliz,1,1,3,guayas
1012,s/i,Hombre,35,12,17,144,160.85,0,2,1,1,Normal,0,1,3,el oro
1013,"287,15",Mujer,37,4,22,140,1220.13,0,3,2,5,Triste,1,0,0,el oro
1014,,H,22,11,2,184,1079.91,1,1,2,2,Normal,1,0,0,guayas
1015,  1214,hombre,65,21,39,184,1167.65,0,3,2,3,Normal,0,0,0,GUAYAS
1016,"592,79",mujer,44,11,28,999,1678.8,0,2,3,1,Muy triste,1,1,2,guayas
1017,,Hombre ,34,7,17,223,1056.53,1,1,1,2,Feliz,1,1,1,AZUAY
1018,  482,MUJER ,35,12,17,216,1153.31,0,3,1,5,Triste,1,0,0,Loja
1019,  1660,MUJER ,43,15,23,266,2310.61,1,1,2,3,Feliz,1,1,1,LOJA
1020,879.85,H,61,6,41,185,1275.78,0,2,2,4,Feliz,0,0,0, El Oro
1021,423.11,MUJER ,47,13,28,92,1114.06,0,3,3,4,Feliz,1,1,0,GUAYAS
1022,251.74,H,51,7,35,98,1126.47,0,2,2,3,Normal,0,1,2, El Oro
1023,581.49, Mujer,44,10,28,186,614.24,1,1,3,3,Muy feliz,1,1,2,Loja
1024,"1.026,85",M,62,21,34,201,496.37,1,1,3,1,Muy feliz,0,1,1,LOJA
1025,607.72,hombre,47,16,23,135,574.01,1,1,1,2,Muy triste,0,0,0,AZUAY
1026,566.58,Mujer,51,8,37,164,1018.18,0,2,1,1,Triste,0,0,0, El Oro
1027,1318.39, Mujer,45,17,22,241,916.6,1,1,1,4,Feliz,1,1,0, El Oro
1028,  783,MUJER ,18,12,0,222,1720.06,0,2,4,1,Triste,1,0,2,GUAYAS
1029,"635,54",Mujer,43,6,26,235,1693.29,1,1,1,4,Normal,0,1,3,AZUAY
1030,"655,23",Hombre,24,19,0,188,1355.42,1,1,1,2,Triste,1,1,1,EL ORO
1031,1424.08,Hombre ,46,14,26,219,4037.18,0,2,2,3,Feliz,1,1,1, Loja
1032,  1205,mujer,44,9,30,222,2185.03,1,1,4,3,Triste,0,1,0,el oro
1033,728.00,M,42,13,24,157,1306.81,0,3,1,4,Normal,1,1,2, El Oro
1034,459.54,mujer,30,9,12,187,837.62,0,2,1,3,Normal,1,0,3,GUAYAS
1035,,Hombre ,48,11,30,176,273.65,0,2,2,4,Normal,1,1,4, El Oro
1036,1099.62,M,29,18,6,232,867.33,1,1,1,1,Normal,1,1,0,Azuay
1037,"655,61",hombre,63,11,47,129,910.16,0,3,1,2,Muy feliz,1,1,4,el oro
1038,370.26,hombre,22,11,,138,614.11,1,1,1,4,Muy feliz,0,0,0,AZUAY
1039,1043.69,HOMBRE,50,12,31,176,1455.91,0,2,2,5,Muy feliz,1,0,1,Azuay
1040,"505,89",hombre,23,12,5,208,1346.75,0,2,1,3,Normal,1,0,0,El  Oro
1041,645.17,Hombre,99,6,3,132,2262.62,0,2,2,5,Triste,1,0,1,El Oro
1042,974.75,hombre,21,11,4,164,2504.6,0,2,4,5,Feliz,1,1,1,EL ORO
1043,"750,54",Mujer,60,11,43,257,1393.2,0,3,1,4,Normal,1,1,1,El Oro
1044,"377,97",Mujer,28,8,10,143,827.19,0,2,1,4,Triste,0,0,0, Loja
1045,235.14,H,24,10,8,187,137.2,1,1,2,4,Muy triste,0,0,3,El Oro
1046,925.25,MUJER ,19,14,0,152,1638.88,0,2,3,4,Feliz,0,0,1,EL ORO
1047,  168,Mujer,45,5,30,168,470.62,0,3,2,1,Muy triste,0,1,0,El  Oro
1048,  1077,H,50,16,28,159,2284.44,0,3,1,4,Triste,1,0,1,Loja
1049,"883,71", Mujer,99,15,0,169,4375.27,0,2,1,1,Muy triste,1,0,1,guayas
1050,594.09,Hombre ,52,9,37,165,1064.64,1,1,1,4,Triste,0,0,2,el oro
1051,,Hombre,28,9,13,161,612.68,0,2,1,1,Normal,1,0,2,El Oro
1052,380.62,Mujer,24,9,12,261,1265.44,1,1,1,5,Triste,1,1,3,el oro
1053,"431,70",M,57,9,41,168,888.9,0,3,1,4,Normal,1,1,2,El  Oro
1054,,hombre,28,15,8,120,4518.25,0,2,1,2,Feliz,1,0,0,El Oro
1055,628.79,MUJER ,63,12,45,187,761.26,1,1,1,3,Feliz,1,0,2,EL ORO
1056,595.92,MUJER ,47,6,32,214,1227.47,0,3,3,2,Muy triste,1,1,1,Loja
1057,"884,06",H,34,10,17,164,2908.31,0,3,1,2,Muy feliz,1,0,1, Loja
1058,"902,08",Mujer,26,15,7,135,1231.05,1,1,3,4,Feliz,1,1,3, El Oro
1059,NA,Hombre,25,11,6,180,5272.73,0,2,3,3,Muy feliz,1,1,2,AZUAY
1060,1698.76,H,62,20,38,249,3294.96,1,1,1,3,Normal,1,1,4,el oro
1061,,Hombre ,59,16,39,187,1863.34,1,1,1,5,Triste,1,1,1,El  Oro
1062,  420,H,43,13,23,999,1743.55,1,1,2,3,Normal,1,0,2,el oro
1063,1808.57,HOMBRE,28,17,5,119,1959.7,1,1,2,3,Triste,0,1,0, El Oro
1064,"300,66",MUJER ,24,6,7,128,1239.44,0,2,2,3,Triste,0,1,4,GUAYAS
1065,878.41,M,40,11,23,151,980.51,1,1,3,1,Muy feliz,1,0,2,El  Oro
1066,"424,70",M,29,12,8,84,700.79,0,2,1,1,Muy triste,1,0,0,Loja
1067,"908,22",MUJER ,51,12,37,192,5391.89,1,1,1,1,Muy triste,0,1,2,EL ORO
1068,476.01,Hombre,60,10,44,162,1752.19,1,1,1,4,Normal,1,0,1,EL ORO
1069,527.28,HOMBRE,30,10,12,241,795.45,1,1,3,1,Muy feliz,0,1,2,LOJA
1070,NA,HOMBRE,25,5,10,192,968.29,0,3,3,2,Triste,0,1,3,guayas
1071,"868,74",MUJER ,46,14,24,191,1761.11,1,1,1,3,Feliz,0,1,2,el oro
1072,344.71,hombre,47,15,25,999,3055.48,0,2,1,3,Muy triste,1,1,2,GUAYAS
1073,"439,48",Hombre ,58,10,42,123,2990.62,0,2,1,4,Normal,1,1,3, El Oro
1074,1239.43,hombre,38,15,18,148,5961.35,1,1,1,1,Normal,1,1,3,EL ORO
1075,234.07,MUJER ,41,2,26,166,1202.63,0,3,1,5,Triste,1,1,0,el oro
1076,"750,35",Hombre,29,6,13,155,2397.92,0,2,1,5,Normal,0,0,1,EL ORO
1077,826.65, Mujer,40,13,20,143,935.7,0,2,2,2,Feliz,1,1,1,EL ORO
1078,515.55,Mujer,59,11,41,101,1653.06,1,1,1,3,Triste,1,0,0,El  Oro
1079,886.01,HOMBRE,18,13,0,147,4573.82,0,3,1,3,Triste,1,1,1, El Oro
1080,  788, Mujer,60,17,35,239,651.56,0,2,1,5,Feliz,0,1,2,el oro
1081,"893,09", Mujer,37,14,16,112,1192.5,1,1,1,4,Feliz,1,0,1,Azuay
1082,  1083,H,25,14,5,225,424.88,1,1,3,3,Triste,0,0,0,El  Oro
1083,578.94,M,43,10,25,217,2518.24,0,2,2,3,Triste,1,0,0,guayas
1084,848.30,MUJER ,23,7,10,222,2535.4,0,2,3,1,Normal,0,0,2,el oro
1085,"613,67",Mujer,19,14,0,139,1793.58,0,2,3,3,Triste,1,0,0,El Oro
1086,"414,29",mujer,64,8,49,206,677.09,0,3,2,2,Feliz,0,1,1,Loja
1087,"1.139,10",Hombre,49,10,33,175,1076.01,0,3,3,1,Feliz,1,1,0,El  Oro
1088,2667.99,H,44,20,19,198,6920.67,1,1,4,4,Muy feliz,1,1,4,AZUAY
1089,289.51,Hombre ,34,5,19,181,1357.26,0,2,1,3,Feliz,1,1,4,guayas
1090,  509,Hombre ,24,16,1,130,864.87,0,2,1,2,Triste,0,0,2,El Oro
1091,510.11,Hombre,35,6,19,204,291.87,0,2,3,3,Muy triste,1,0,0,AZUAY
1092,"1.053,31",Hombre ,19,14,0,232,3161.87,0,2,3,5,Feliz,1,1,4,AZUAY
1093,"1.069,19",hombre,26,6,11,216,1674.38,0,2,4,5,Triste,1,0,1,El  Oro
1094,696.37,Hombre ,28,14,5,172,1570.73,0,2,2,1,Normal,1,1,3, Loja
1095,417.48,,63,8,51,120,598.39,1,1,4,3,Feliz,1,1,3,Loja
1096,371.31,Mujer,22,3,8,193,627.14,0,3,1,4,Muy feliz,0,1,4,El  Oro
1097,"652,33",hombre,58,14,36,112,1734.98,0,2,2,1,Muy feliz,0,1,0, El Oro
1098,"646,46",H,38,16,15,147,495.64,1,1,4,3,Triste,1,0,0,Guayas
1099,, Mujer,19,12,2,165,3081.32,1,1,1,1,Muy feliz,1,1,3,el oro
1100,697.79,HOMBRE,29,13,11,201,354.38,0,2,1,5,Muy triste,0,0,0,LOJA
1101,627.08,Hombre,44,12,24,194,,0,3,2,1,Normal,0,1,0,EL ORO
1102,"343,33",Hombre,37,3,22,166,1418.81,0,2,2,5,Normal,1,0,,LOJA
1103,758.40,H,58,10,40,175,486.36,0,3,3,3,Normal,1,1,3, El Oro
1104,1054.52,HOMBRE,28,12,10,999,3474.12,0,2,2,3,Muy feliz,1,1,3,Guayas
1105,"342,02", Mujer,54,8,38,107,1346.13,0,3,1,4,Feliz,0,0,1,AZUAY
1106,"515,95",Mujer,34,13,16,120,1493.29,1,1,2,5,Muy feliz,0,0,0,Loja
1107,  1023,mujer,21,9,9,169,3240.87,1,1,2,3,Muy feliz,1,0,1,El  Oro
1108,"297,32",HOMBRE,99,17,7,167,211.75,1,1,2,5,Feliz,1,0,0, El Oro
1109,"1.327,59",Hombre ,35,15,13,295,2154.35,0,2,3,4,Muy triste,1,1,0,El Oro
1110,"377,00",Mujer,46,8,33,147,1537.97,0,3,2,1,Normal,1,0,1,el oro
1111,1146.10,hombre,21,16,1,209,233.92,1,1,3,5,Muy feliz,1,0,1,El  Oro
1112,,M,38,13,21,161,1305.31,1,1,1,5,Feliz,0,1,3,Azuay
1113,"504,26",MUJER ,22,5,4,115,3474.42,0,2,3,4,Triste,0,1,0,GUAYAS
1114,  901,M,37,11,21,97,5847.19,0,3,2,5,Muy feliz,1,1,1,el oro
1115,"979,88",M,35,16,13,212,944.34,1,1,2,4,Feliz,1,1,0,El  Oro
1116,380.56,MUJER ,31,13,14,86,547.42,0,2,1,4,Feliz,0,0,0,GUAYAS
1117,"767,21",Hombre ,41,6,23,177,1192.85,1,1,4,3,Normal,1,1,5,GUAYAS
1118,503.93,HOMBRE,49,99,26,139,,1,1,1,3,Normal,1,0,0, El Oro
1119,"1.144,49",hombre,61,14,43,216,2867.18,1,1,3,4,Muy feliz,1,0,3,EL ORO
1120,  805,Hombre,27,10,10,124,4971.54,1,1,2,1,Feliz,0,0,1,El Oro
1121,"508,13",Hombre ,59,2,43,170,5344.89,0,2,4,3,Triste,1,0,0,Azuay
1122,s/i,M,40,10,24,138,1049.46,1,1,1,1,Normal,0,0,2,El Oro
1123,702.95, Mujer,34,14,14,185,551.96,1,1,2,5,Normal,0,0,4, El Oro
1124,"1.496,75",H,23,17,1,127,1290.75,0,3,4,3,Feliz,1,1,2,El  Oro
1125,705.28,H,23,10,7,206,819.55,0,2,2,2,Normal,1,0,0, El Oro
1126,  534,mujer,41,12,23,146,1532.21,0,2,2,3,Feliz,1,1,0,EL ORO
1127,1157.78,HOMBRE,19,14,1,199,2825.89,0,3,1,5,Muy feliz,1,0,,Loja
1128,  1000,MUJER ,51,12,32,220,3536.81,0,2,3,5,Triste,1,1,0,EL ORO
1129,  1341,MUJER ,53,16,33,221,3996.26,1,1,1,3,Muy feliz,1,1,1, El Oro
1130,"625,93",mujer,25,14,7,170,2039.7,1,1,1,3,Triste,1,1,4,El  Oro
1131,"687,48",H,54,12,36,170,1223.9,1,1,1,4,Triste,1,0,0,Loja
1132,s/i,mujer,19,1,5,108,562.29,0,2,3,3,Triste,0,0,1,EL ORO
1133,1691.63,Hombre,19,14,0,197,3916.2,1,1,1,4,Muy feliz,1,0,0,Loja
1134,555.87,Mujer,250,9,14,163,649.36,0,2,2,2,Normal,1,1,5,AZUAY
1135,383.62,hombre,31,7,17,200,989.33,0,3,1,3,Feliz,1,0,0,El Oro
1136,1144.87,hombre,25,13,6,223,908.08,0,2,3,5,Normal,1,1,2,el oro
1137,"622,28",Hombre ,99,13,9,106,2052.62,1,1,1,5,Triste,1,0,1,GUAYAS
1138,558.64,M,41,10,26,147,1997.19,1,1,3,3,Triste,1,0,0,el oro
1139,  429,M,54,9,38,79,2929.45,0,3,3,1,Feliz,0,0,0,EL ORO
1140,  1110, Mujer,47,15,25,130,590.87,1,1,2,1,Normal,1,1,3,AZUAY
1141,"334,11",MUJER ,50,8,35,122,296.97,0,2,3,2,Feliz,1,1,0,Guayas
1142,"810,88",HOMBRE,18,8,7,165,1372.1,0,2,4,1,Feliz,1,0,0,el oro
1143,"1.194,32",Hombre,34,17,12,168,1567.71,1,1,2,3,Feliz,1,1,4,El Oro
1144,"245,49",M,21,6,6,123,1650.01,0,3,1,3,Muy triste,1,1,1,El Oro
1145,570.59,MUJER ,30,8,15,139,1677,0,2,1,5,Normal,0,0,1,Azuay
1146,,hombre,36,11,20,99,995.4,0,2,1,4,Feliz,0,0,0,Azuay
1147,465.64,Hombre,41,13,24,64,1304.63,0,2,3,5,Normal,1,0,0,el oro
1148,1082.00, Mujer,37,12,20,125,2829.81,1,1,4,3,Triste,1,1,1,EL ORO
1149,"367,20",Hombre,21,6,6,89,2994.93,1,1,1,4,Triste,0,0,1,guayas
1150,869.11,Mujer,35,15,16,230,1837.98,1,1,1,4,Normal,1,1,1,EL ORO
1151,"709,39",Mujer,41,11,23,120,1476.04,0,2,1,5,Normal,1,1,2,LOJA
1152,1367.85,M,54,15,32,134,1640.83,1,1,4,1,Feliz,1,1,2,el oro
1153,974.15,hombre,22,15,0,129,1099.45,1,1,4,4,Muy feliz,0,0,0,LOJA
1154,513.46,MUJER ,44,10,29,179,639.35,0,2,2,4,Muy feliz,0,0,1,El Oro
1155,726.54,Hombre ,37,8,25,191,6824.12,0,3,1,3,Triste,1,1,1,Loja
1156,"646,25",Mujer,30,7,14,153,1398.14,0,2,2,1,Muy feliz,1,1,1,Guayas
1157,837.76,Mujer,21,9,5,286,1084.79,0,2,3,1,Normal,0,1,4,El Oro
1158,"802,02",H,32,17,7,73,1607.25,1,1,3,3,Feliz,1,1,1,EL ORO
1159,  561,Mujer,56,11,38,106,2703.71,0,3,1,5,Normal,0,0,0,AZUAY
1160,  251,HOMBRE,47,7,32,104,505.03,0,2,1,2,Normal,1,0,2,EL ORO
1161,  998,MUJER ,22,9,6,197,3570.6,0,2,4,2,Normal,0,0,1, El Oro
1162,  2207,Hombre ,59,18,34,206,3158.57,0,3,1,1,Muy triste,1,1,0,AZUAY
1163,"504,48",MUJER ,44,14,23,192,844.58,0,2,1,3,Triste,1,0,1,AZUAY
1164,667.89,Hombre,50,11,31,144,9986.25,0,2,3,4,Feliz,0,1,1,El Oro
1165,1045.62,MUJER ,26,12,10,181,799.38,0,2,4,4,Feliz,1,0,1,El  Oro
1166,855.54,hombre,21,13,1,164,855.47,0,2,4,2,Muy feliz,0,0,1, El Oro
1167,"1.309,91",Hombre ,63,13,45,248,749.84,1,1,2,3,Muy feliz,0,1,2,Loja
1168,  907,Mujer,53,15,32,86,2594.26,1,1,4,3,Feliz,1,1,3,guayas
1169,928.08,Mujer,52,13,30,207,2016.51,1,1,2,2,Triste,0,1,3, El Oro
1170,540.46,H,65,9,47,999,1408.73,1,1,2,1,Feliz,1,0,0, El Oro
1171,1154.46,Hombre,27,16,6,139,,1,1,2,4,Normal,1,0,2, El Oro
1172,"481,87",HOMBRE,20,11,5,212,432.85,0,2,1,4,Feliz,0,0,0,EL ORO
1173,1304.60,hombre,34,19,8,139,1722.28,0,2,1,3,Feliz,1,1,3,AZUAY
1174,"1.628,61",MUJER ,62,19,37,278,2418.62,1,1,2,1,Normal,0,1,3,Guayas
1175,752.22,hombre,55,14,34,130,1367.02,1,1,3,2,Triste,1,1,2,El  Oro
1176,  444,M,52,6,37,187,506.05,1,1,1,3,Normal,1,0,0,El  Oro
1177,515.14,HOMBRE,56,12,40,177,876.23,1,1,2,2,Normal,1,1,3,El Oro
1178,599.25,hombre,21,16,2,102,3192.97,0,2,1,4,Triste,1,0,0, El Oro
1179,"528,62", Mujer,45,17,22,136,672.91,1,1,1,4,Normal,1,0,0,el oro
1180,494.78,mujer,43,7,27,149,1317.15,0,2,1,4,Normal,1,1,0,El Oro
1181,501.76,H,53,7,38,174,1260.68,0,2,1,3,Normal,1,1,1,EL ORO
1182,1095.91,Hombre,23,7,9,187,4813.65,0,2,2,5,Muy feliz,1,1,2,Azuay
1183,717.58,Hombre,52,16,28,129,411.97,0,2,3,4,Normal,1,0,3,EL ORO
1184,583.48, Mujer,29,12,13,189,450.57,0,2,1,2,Triste,1,1,0,LOJA
1185,"453,67",HOMBRE,44,5,29,171,2192.8,0,2,2,4,Normal,1,1,2,El Oro
1186,504.00,H,52,7,36,183,850.62,1,1,3,2,Feliz,1,0,0,El  Oro
1187,  1301,Hombre ,65,15,47,173,1267.94,0,2,3,3,Feliz,1,0,1,Guayas
1188,1238.58,mujer,250,13,38,204,1934.76,1,1,4,3,Normal,1,0,1,Guayas
1189,"710,70",mujer,45,99,24,999,950.62,1,1,2,3,Normal,0,1,3,El Oro
1190,"2.136,64",Hombre ,99,16,30,189,7537.45,0,3,2,2,Muy feliz,1,0,1,El Oro
1191,  1078,mujer,26,17,4,201,4074.99,0,2,2,1,Normal,0,0,0,el oro
1192,"923,10",HOMBRE,26,12,9,219,932.66,1,1,1,1,Normal,0,0,0,El  Oro
1193,955.40,Hombre ,35,16,14,147,495.23,0,2,4,1,Triste,1,0,1,LOJA
1194,935.31,Mujer,41,13,22,137,1402.02,1,1,1,1,Normal,1,1,4,Azuay
1195,  559,Hombre,20,15,0,251,1534.11,0,2,1,4,Muy feliz,0,0,2,El Oro
1196,"220,58",Mujer,31,9,13,95,2202.48,0,2,1,3,Feliz,1,1,1,EL ORO
1197,"835,12",Mujer,28,17,4,213,497.61,0,2,1,4,Feliz,1,0,0,El  Oro
1198,"645,15",HOMBRE,31,10,13,152,2521.49,0,2,2,3,Muy triste,1,1,3,El Oro
1199,397.53,Mujer,39,4,22,117,2200.89,0,2,2,4,Muy triste,1,0,2,el oro
1200,  907,Hombre ,64,17,39,240,1020.38,0,3,2,4,Feliz,0,1,0, El Oro
1201,"1.440,51",hombre,58,15,40,163,4190.38,0,3,2,1,Feliz,0,1,3,El Oro
1202,  307,Mujer,45,14,26,208,147.31,0,3,2,3,Normal,1,0,0,guayas
1203,674.82,mujer,36,19,11,192,985.51,1,1,1,5,Triste,1,1,4,El  Oro
1204,650.01,MUJER ,23,11,4,80,8164.79,1,1,2,3,Muy feliz,0,0,2,GUAYAS
1205,999999, Mujer,18,99,2,219,1602.66,0,2,2,4,Muy feliz,1,0,0,El Oro
1206,351.40,Mujer,60,5,43,157,1761.76,0,3,1,5,Normal,1,1,2, El Oro
1207,  300,H,22,6,7,139,567.02,1,1,2,3,Triste,0,0,0, El Oro
1208,"1.382,92",M,54,15,34,261,2091.57,1,1,2,3,Feliz,1,0,1, El Oro
1209,999.90,Mujer,55,12,40,225,1254.67,0,3,4,4,Triste,1,0,2, El Oro
1210,693.22,Mujer,20,99,2,217,2107.21,0,2,2,5,Muy feliz,1,1,2,GUAYAS
1211,1077.79, Mujer,19,14,,182,2101.62,1,1,3,1,Normal,1,0,1,guayas
1212,912.06,Mujer,46,18,20,124,553.03,1,1,4,3,Feliz,1,1,2,El  Oro
1213,"441,78",M,20,99,4,168,848.12,1,1,3,4,Feliz,1,0,3,Loja
1214,  667,HOMBRE,30,15,8,183,2029.25,1,1,2,3,Normal,1,1,2,GUAYAS
1215,,HOMBRE,18,10,1,120,2133.7,0,2,3,2,Muy triste,1,1,1,El  Oro
1216,  1251,Hombre ,45,10,28,159,3291.91,0,2,3,4,Feliz,1,1,3,LOJA
1217,577.38,Hombre ,27,13,8,133,743.72,0,3,1,3,Normal,1,0,1,AZUAY
1218,638.27,mujer,20,10,5,204,1033.63,0,2,1,2,Muy feliz,0,1,1,El  Oro
1219,"224,16",Mujer,29,9,12,147,254.24,0,2,1,3,Triste,1,1,3,GUAYAS
1220,716.16,mujer,30,10,14,204,688.99,1,1,2,4,Triste,1,0,0,el oro
1221,561.97,hombre,58,11,43,999,524.01,0,3,2,2,Feliz,1,1,,Guayas
1222,1520.24,H,21,16,0,226,1634.19,1,1,1,1,Triste,0,0,0,Guayas
1223,"1.319,26",HOMBRE,32,16,12,207,2055,1,1,1,3,Muy feliz,1,1,0,El Oro
1224,272.82,Hombre ,53,9,38,91,839.82,0,3,1,4,Normal,1,1,2,el oro
1225,515.56, Mujer,23,13,3,103,4039.72,1,1,1,3,Feliz,1,0,0, El Oro
1226,"386,99",HOMBRE,32,15,14,141,662.56,1,1,1,5,Triste,1,1,3,El Oro
1227,  439,Hombre ,65,16,43,158,1101.49,1,1,1,3,Normal,1,1,1,AZUAY
1228,"978,39",Hombre,41,15,20,197,885.06,0,2,1,3,Feliz,0,1,1,Guayas
1229,750.75,H,20,7,3,209,3989.53,0,2,1,3,Triste,1,1,3,el oro
1230,515.77,Hombre ,40,7,27,163,595.11,0,2,1,4,Normal,1,0,2,EL ORO
1231,  1216,Hombre ,45,14,25,215,770.11,0,2,1,4,Muy feliz,0,0,0, El Oro
1232,  582,MUJER ,19,12,2,173,2783.06,1,1,1,4,Normal,1,0,1,El  Oro
1233,702.26,MUJER ,44,14,24,208,633.93,1,1,2,1,Normal,0,0,0,AZUAY
1234,  531,Mujer,44,13,26,206,608.52,1,1,1,4,Normal,1,0,1,El Oro
1235,503.75,MUJER ,57,10,40,175,988.75,0,2,3,3,Muy feliz,0,1,3, El Oro
1236,NA,MUJER ,29,11,12,175,2579.62,0,2,2,1,Feliz,1,0,0,el oro
1237,"421,07",H,25,18,1,173,203.38,1,1,1,4,Muy feliz,1,0,0,Loja
1238,678.66,Mujer,43,10,26,121,1802.21,0,2,1,3,Muy feliz,1,0,0,Azuay
1239,930.15, Mujer,52,12,34,123,5413.08,0,2,2,1,Normal,1,1,1,Azuay
1240,748.70,Mujer,28,19,4,166,1069.37,0,2,1,3,Muy triste,0,1,3,El Oro
1241,"655,21",M,19,13,0,154,1909.23,0,2,4,1,Feliz,1,1,2,EL ORO
1242,  248,mujer,20,6,4,127,338.94,0,3,4,3,Normal,0,0,0,EL ORO
1243,  242, Mujer,27,14,7,51,343.55,1,1,3,1,Triste,0,0,0,El  Oro
1244,  920,M,24,12,7,211,1978.89,1,1,1,3,Normal,0,0,1,El  Oro
1245,761.77,Hombre,29,10,14,202,1625.87,0,2,3,4,Normal,1,0,0,LOJA
1246,  1667,hombre,24,14,3,141,5476.24,0,2,2,2,Feliz,0,0,0,EL ORO
1247,s/i,Hombre,28,14,7,127,488.98,0,2,1,3,Muy feliz,0,0,0,Loja
1248,397.70,M,61,11,44,156,1055.93,1,1,2,3,Muy triste,1,0,0, Loja
1249,"337,64",mujer,37,13,20,159,688.49,0,2,1,5,Normal,1,0,1,El Oro
1250,  616,H,35,6,19,202,348.04,0,3,4,3,Normal,1,1,2,El  Oro
1251,773.30,H,53,7,41,203,1307.63,1,1,1,4,Feliz,0,0,0, Loja
1252,"973,98",MUJER ,38,9,20,189,3434.88,1,1,3,4,Triste,0,1,1,AZUAY
1253,880.49,Hombre,20,15,0,162,2728.04,0,2,2,3,Normal,1,1,2,GUAYAS
1254,  535,hombre,42,13,21,85,1808.12,0,3,1,3,Feliz,1,1,4,EL ORO
1255,  556,mujer,28,10,9,231,910.93,0,2,1,3,Normal,1,0,1,El  Oro
1256,"657,94",M,36,15,18,176,889,1,1,1,4,Normal,1,1,1,EL ORO
1257,"1.253,58",Hombre,47,21,18,211,868.19,1,1,1,5,Feliz,1,0,0,LOJA
1258,"421,96",MUJER ,54,99,38,137,606.01,0,2,2,5,Feliz,0,1,1,GUAYAS
1259,"837,27",MUJER ,25,14,5,194,772.89,0,3,3,4,Normal,1,0,0,EL ORO
1260,"609,24",Hombre ,35,16,12,158,607.96,1,1,3,4,Normal,1,0,1,EL ORO
1261,"684,49",HOMBRE,24,15,2,138,702.54,0,2,1,1,Normal,1,1,3,GUAYAS
1262,"384,21",H,25,5,11,92,3741.05,1,1,3,3,Triste,0,0,1,GUAYAS
1263,289.92,mujer,53,13,35,182,374.16,1,1,1,1,Feliz,1,0,0,El  Oro
1264,"780,77", Mujer,35,12,15,196,1121.8,1,1,2,1,Feliz,1,0,1,Azuay
1265,  707,H,32,13,10,211,1374.27,0,2,3,3,Feliz,1,0,0,El Oro
1266,627.55,hombre,19,14,0,175,956.2,1,1,1,4,Triste,0,1,0,EL ORO
1267,549.08,Hombre ,36,8,21,197,606.8,0,2,2,4,Normal,1,0,0, Loja
1268,  790,M,23,15,3,215,1786.55,1,1,1,3,Feliz,1,1,0,El  Oro
1269,"885,02",hombre,52,13,33,222,715.41,0,3,2,1,Feliz,0,1,0,El Oro
1270,"1.088,03",hombre,22,12,4,204,1757.56,1,1,3,3,Muy triste,1,0,2,el oro
1271,"425,79",H,21,9,8,95,2432.97,0,2,2,5,Normal,0,0,0,el oro
1272,"1.536,76",H,35,12,17,193,971.2,0,3,3,5,Muy feliz,0,1,3, El Oro
1273,"628,51", Mujer,40,14,20,162,489.08,0,2,1,1,Normal,1,1,1,AZUAY
1274,"1.375,51",Hombre,64,99,44,214,2680.2,1,1,1,1,Normal,1,0,2,LOJA
1275,"518,20", Mujer,20,11,1,152,1703.41,0,3,1,3,Triste,1,0,1,El Oro
1276,"636,96",Hombre,42,15,22,139,863.41,1,1,1,2,Normal,0,0,1,El  Oro
1277,604.26,mujer,56,12,37,149,1139.95,1,1,2,5,Muy feliz,0,1,0,El  Oro
1278,771.63,MUJER ,19,14,0,241,814.31,0,2,3,4,Triste,0,0,0,EL ORO
1279,"744,33",M,42,16,20,149,782,0,3,1,2,Triste,1,1,3,guayas
1280,581.28,MUJER ,19,14,0,172,1143.16,1,1,1,3,Feliz,0,1,3,El Oro
1281,468.01,MUJER ,56,12,40,116,824.23,0,2,4,5,Normal,1,1,1,guayas
1282,"644,13",Hombre ,52,10,36,260,2016.84,0,3,1,1,Normal,1,1,2, El Oro
1283,"582,31",MUJER ,24,13,4,161,1184.1,0,2,3,1,Muy triste,1,1,1,El  Oro
1284,1239.34,hombre,50,12,32,116,2792.22,1,1,1,5,Feliz,1,0,1,El Oro
1285,"403,98",hombre,29,6,13,161,1034.19,0,2,2,3,Triste,0,1,2,Azuay
1286,NA,Hombre,55,10,38,171,2787.5,1,1,4,3,Feliz,1,0,3,El  Oro
1287,"669,05",Hombre,20,7,5,179,1632.67,0,2,3,4,Triste,1,0,1,LOJA
1288,  684,Mujer,23,12,4,182,1000.55,0,2,2,3,Muy feliz,0,1,1,el oro
1289,"409,07",H,99,17,26,50,625.82,0,3,1,2,Feliz,1,0,1,EL ORO
1290,528.11,MUJER ,35,12,16,183,724.92,0,2,4,1,Muy triste,0,0,0,El Oro
1291,"1.207,29", Mujer,21,16,0,239,2477.24,1,1,1,2,Muy feliz,1,1,2,EL ORO
1292,225.06,MUJER ,29,15,8,21,2671.37,0,3,1,4,Normal,1,0,0,El Oro
1293,"1.136,68",Mujer,45,15,24,208,2975.85,0,2,1,4,Muy feliz,1,1,1,guayas
1294,"682,53", Mujer,54,14,35,172,3770.87,1,1,1,2,Normal,1,1,3,el oro
1295,  417,Hombre ,37,9,23,93,1452.94,0,3,2,2,Muy feliz,1,1,1,El  Oro
1296,730.04,MUJER ,42,14,22,191,3889.23,1,1,1,4,Muy feliz,0,0,0,EL ORO
1297,"552,02", Mujer,27,12,10,185,695.6,0,2,1,1,Feliz,0,1,3,guayas
1298,"1.191,82",hombre,46,14,26,205,1398.79,1,1,3,4,Muy feliz,0,1,0,Azuay
1299,804.81, Mujer,30,13,9,167,1415.07,0,2,3,5,Normal,0,0,0,Azuay
1300,"457,74",Hombre ,53,99,39,148,7194.76,1,1,1,5,Normal,1,1,2,El Oro
1301,"782,59",hombre,36,13,16,165,2135,0,3,1,1,Normal,0,0,1, El Oro
1302,"511,19",H,19,9,6,279,1769.59,0,2,1,2,Feliz,1,0,0,El  Oro
1303,"648,21",MUJER ,48,5,33,268,249.15,0,3,1,1,Triste,0,0,1,el oro
1304,402.73,H,19,14,0,142,349.94,1,1,1,3,Muy feliz,0,0,1,LOJA
1305,  442,Hombre,20,11,1,128,1117.63,1,1,1,3,Muy triste,1,1,0,EL ORO
1306,"604,41",hombre,44,11,25,167,1083.61,0,2,1,4,Feliz,0,1,1,EL ORO
1307,"601,24",hombre,22,17,0,98,1243.26,1,1,1,2,Normal,0,0,1,guayas
1308,1258.31,HOMBRE,34,16,9,153,7009.06,1,1,4,3,Feliz,1,1,2,AZUAY
1309,"1.195,91",mujer,41,14,21,189,787.83,0,2,4,2,Feliz,1,1,1,GUAYAS
1310,383.32,Hombre ,32,99,16,168,382.1,1,1,1,4,Triste,1,1,0,El Oro
1311,"1.870,37",H,47,99,28,171,7493.03,0,3,2,4,Muy feliz,0,1,0,El  Oro
1312,,M,31,6,18,209,959.24,1,1,1,4,Normal,1,0,0,AZUAY
1313,695.34,Hombre ,39,16,19,145,1151.32,0,2,1,4,Normal,0,0,1,Azuay
1314,"980,98",H,34,16,15,223,1130.46,0,3,3,5,Normal,0,1,1,Loja
1315,"921,02",Hombre,99,18,34,143,870.93,1,1,2,4,Normal,1,1,2,EL ORO
1316,469.07,MUJER ,39,17,17,51,1643.19,0,2,4,1,Triste,0,1,2, El Oro
1317,587.90,hombre,23,13,2,208,632.19,0,3,1,4,Triste,1,0,2,Loja
1318,"1.590,88",Hombre ,39,18,16,191,1059.79,0,3,3,1,Muy feliz,0,0,2,el oro
1319,"1.097,16",hombre,38,15,19,138,1670.82,0,3,3,3,Normal,1,0,4, El Oro
1320,1029.19,Hombre,27,99,9,242,519.88,1,1,1,4,Muy feliz,1,0,0,El  Oro
1321,"601,69",HOMBRE,63,17,41,175,310.36,1,1,1,2,Normal,1,0,1,Loja
1322,"400,78",hombre,53,5,38,122,2228.61,1,1,1,1,Muy feliz,1,0,2,AZUAY
1323,  341,MUJER ,18,13,0,154,654.22,0,2,2,4,Triste,1,1,0,el oro
1324,"903,71",hombre,61,19,37,175,571.14,1,1,1,3,Muy feliz,0,1,0,Loja
1325,1180.71,mujer,44,17,23,192,2050.03,1,1,2,2,Muy feliz,0,0,1,El  Oro
1326,904.29, Mujer,28,10,12,158,4034.88,0,2,2,4,Muy triste,1,0,1,El  Oro
1327,1241.93,hombre,33,18,10,244,1832.49,1,1,1,3,Feliz,1,1,1,LOJA
1328,  772,hombre,42,16,19,232,397.34,1,1,1,3,Normal,0,1,1,AZUAY
1329,"272,33",hombre,54,14,34,130,95.91,1,1,1,3,Triste,0,0,2,AZUAY
1330,879.54,Mujer,60,7,45,224,4278.45,0,3,1,3,Feliz,0,1,2,El  Oro
1331,"610,37",mujer,33,13,16,196,960.89,0,3,1,2,Normal,1,1,0,guayas
1332,"942,09",HOMBRE,26,11,11,155,964.04,0,2,3,2,Triste,1,1,0, El Oro
1333,779.74,Hombre ,19,14,2,144,7956.68,0,2,1,1,Muy feliz,1,0,1, Loja
1334,"1.230,40",Hombre,19,99,1,246,2132.51,1,1,1,1,Feliz,0,0,0,el oro
1335,"474,71",H,23,12,3,211,725.1,1,1,2,1,Normal,1,0,1,Azuay
1336,768.73,Hombre ,18,13,0,155,2396.92,1,1,1,4,Normal,1,0,2, El Oro
1337,434.21,mujer,33,5,18,126,1080.45,0,2,2,1,Normal,0,1,2,El Oro
1338,"509,61", Mujer,54,13,36,220,923.26,1,1,1,1,Normal,1,1,3,El Oro
1339,1084.15,MUJER ,52,19,29,149,1725.92,1,1,2,1,Normal,1,1,1, Loja
1340,"142,40",MUJER ,52,7,37,44,446.99,0,2,1,4,Normal,1,1,2,El  Oro
1341,1276.26,M,35,10,,306,957.68,1,1,4,3,Muy feliz,1,0,0,el oro
1342,"567,96",MUJER ,62,6,47,203,2334.93,0,3,2,5,Feliz,1,1,0,AZUAY
1343,371.63,H,46,8,30,124,2461.95,0,3,1,1,Normal,1,1,3,EL ORO
1344,334.80,M,22,8,7,193,1096.42,0,2,1,4,Feliz,1,0,0,El  Oro
1345,516.12,Hombre ,54,10,39,171,2462.05,0,3,1,4,Triste,1,1,3,el oro
1346,1459.93,hombre,34,11,14,96,3438.41,1,1,2,5,Feliz,0,1,2,LOJA
1347,"980,10",H,29,13,12,133,674.38,0,2,4,4,Feliz,1,0,1, El Oro
1348,1590.42,HOMBRE,54,14,32,160,1861.5,1,1,2,4,Feliz,0,0,2,LOJA
1349,902.66,MUJER ,44,16,21,160,538.95,1,1,3,1,Triste,1,0,3,El  Oro
1350,807.67,HOMBRE,23,14,4,141,3009.25,0,2,1,1,Muy feliz,1,0,1,LOJA
1351,416.12,Hombre ,56,11,41,156,362.81,0,3,1,4,Feliz,0,1,2,AZUAY
1352,NA,H,19,14,3,140,286.18,1,1,1,1,Feliz,1,1,1,Guayas
1353,776.98,Hombre,29,10,13,245,1364.31,1,1,1,4,Feliz,1,0,0,el oro
1354,  830,hombre,21,99,0,201,1975.32,1,1,2,4,Normal,1,0,1,LOJA
1355,673.42, Mujer,51,16,31,183,3996.61,0,3,1,5,Triste,1,1,1,el oro
1356,792.68,H,29,10,11,170,1008.45,0,3,4,3,Muy feliz,1,0,1,el oro
1357,"464,09",Hombre,38,10,23,241,448.32,1,1,1,4,Normal,1,1,1,EL ORO
1358,325.91,MUJER ,22,6,3,195,881.13,1,1,1,3,Triste,0,0,0,El Oro
1359,  749, Mujer,20,10,3,192,4334.46,0,2,1,1,Feliz,1,0,1,El Oro
1360,"585,24",Mujer,56,5,42,155,8009.88,0,2,1,1,Feliz,0,0,3,Azuay
1361,"579,11",MUJER ,18,10,6,127,1154.77,1,1,2,3,Normal,1,0,0,EL ORO
1362,"402,33",Mujer,60,11,42,228,393.27,0,2,2,3,Muy feliz,0,1,0,El  Oro
1363,s/i,M,40,15,20,215,1756.37,0,2,2,5,Triste,0,1,3,el oro
1364,"488,13",Mujer,26,16,4,87,531.52,1,1,2,3,Muy triste,1,1,2,el oro
1365,504.06,MUJER ,48,8,34,214,2726.13,0,2,1,3,Muy feliz,1,0,1, El Oro
1366,"462,23",HOMBRE,47,11,30,189,211.83,1,1,3,4,Triste,1,0,3,guayas
1367,"1.025,33",M,47,9,32,253,2485.39,0,2,3,5,Muy triste,1,1,5,GUAYAS
1368,"1.296,69",HOMBRE,19,12,2,152,1039.43,1,1,3,5,Muy triste,0,0,2,El  Oro
1369,"537,31",H,28,8,16,191,1369.71,0,2,2,4,Muy triste,1,1,2,Azuay
1370,"554,98",hombre,39,6,24,167,895.81,0,2,3,3,Feliz,0,1,4, El Oro
1371,1258.22,Mujer,57,16,39,202,1263.75,0,2,2,1,Triste,1,0,1,EL ORO
1372,"531,81",HOMBRE,40,15,19,154,326.97,0,2,1,4,Feliz,1,1,1,EL ORO
1373,  459,Mujer,20,11,5,160,805.75,1,1,1,3,Muy triste,0,1,2,LOJA
1374,"715,84",Hombre ,44,10,26,173,3225.72,0,2,1,2,Muy feliz,1,1,1,GUAYAS
1375,500.45,hombre,61,12,46,180,1071.67,1,1,2,3,Triste,0,0,2,Azuay
1376,NA,HOMBRE,23,7,7,270,2085.12,0,2,1,4,Muy feliz,0,1,3, El Oro
1377,1149.80,H,28,10,15,227,2138.78,0,3,3,4,Feliz,1,0,0,El  Oro
1378,1101.33,MUJER ,25,19,0,148,1294.37,0,2,4,3,Muy triste,1,0,1,El Oro
1379,627.36,hombre,35,11,15,204,1648.2,1,1,3,4,Muy feliz,1,0,1,AZUAY
1380,NA,H,59,10,46,166,2465.77,1,1,4,3,Muy feliz,1,0,1,EL ORO
1381,444.25,M,19,7,2,196,691.31,0,2,1,3,Triste,0,0,,El  Oro
1382,"206,39",mujer,45,2,28,70,420.18,0,2,4,2,Normal,1,1,3,EL ORO
1383,"414,17",Hombre,19,8,5,123,1391.87,0,2,1,1,Muy triste,1,0,0,EL ORO
1384,942.33,MUJER ,32,11,12,149,6877.23,0,2,1,1,Muy feliz,1,1,5,El  Oro
1385,401.48, Mujer,28,12,9,137,2958.22,0,2,2,4,Triste,1,1,0,El  Oro
1386,  1082,Hombre,58,6,45,208,1721.32,0,3,4,4,Triste,1,1,2,El Oro
1387,"920,52",Mujer,54,12,36,136,2051.42,0,2,3,1,Normal,1,0,3,Loja
1388,"723,89",M,58,12,41,999,3290.52,0,3,1,1,Feliz,1,1,2,El  Oro
1389,750.39,HOMBRE,19,14,0,202,694.63,0,2,4,1,Normal,1,0,1,el oro
1390,"467,93",H,18,9,1,167,547.6,0,2,2,5,Triste,1,0,0,El  Oro
1391,"547,41",M,27,7,11,50,3009.82,0,2,4,4,Feliz,1,0,2,Guayas
1392,495.92,H,24,13,5,125,700.71,1,1,1,4,Normal,1,1,1,AZUAY
1393,  704,mujer,21,11,4,194,2714.54,0,3,2,3,Normal,1,0,0,Guayas
1394,  442,MUJER ,36,11,24,135,1156.2,1,1,1,5,Triste,0,1,2,Guayas
1395,  592,Mujer,56,11,39,235,368.49,0,3,1,1,Muy feliz,1,1,0,EL ORO
1396,"1.085,60",Mujer,36,16,15,207,1952.8,0,3,2,3,Triste,1,0,1,El Oro
1397,"1.251,03",H,48,17,23,178,3825.16,0,3,2,3,Feliz,1,1,2,el oro
1398,443.23,M,22,13,3,171,658.18,0,2,1,4,Muy feliz,0,0,2,AZUAY
1399,824.53,mujer,31,13,12,132,2700,1,1,3,3,Feliz,0,1,2, El Oro
1400,"282,73",MUJER ,37,4,22,142,490.88,0,2,3,5,Muy feliz,0,1,2,EL ORO
1401,560.95,hombre,19,14,1,179,319.37,0,2,1,1,Muy triste,0,1,2,EL ORO
1402,"764,35",H,18,13,0,183,1449.76,0,2,2,3,Normal,1,0,2,EL ORO
1403,"353,09",mujer,19,8,4,115,1571.54,0,2,3,4,Feliz,1,0,,AZUAY
1404,  1102,H,43,16,21,251,1072.16,1,1,1,4,Triste,1,1,0,el oro
1405,  315,Mujer,60,14,41,164,614.89,1,1,2,1,Feliz,1,1,1,EL ORO
1406,"474,57",Hombre ,55,11,41,165,941.58,1,1,2,1,Triste,1,1,0,guayas
1407,"618,04",Hombre,37,8,23,230,604.21,0,2,3,1,Normal,1,1,2, El Oro
1408,518.73,mujer,61,15,40,137,772.83,0,3,1,4,Muy triste,1,1,1,Loja
1409,"288,62",H,52,5,36,171,730.36,1,1,1,3,Normal,1,1,3, El Oro
1410,"382,61",mujer,57,13,41,191,427.98,0,3,2,4,Muy feliz,1,1,4,AZUAY
1411,"581,25",hombre,25,9,10,194,484.41,0,2,1,2,Triste,1,1,0,El Oro
1412,"639,64",Hombre,28,14,6,200,1662.55,1,1,1,3,Normal,1,0,0,El Oro
1413,"759,05",hombre,25,8,13,220,1236.26,0,3,1,1,Muy triste,0,0,0,El  Oro
1414,"1.220,57",Hombre ,19,10,2,189,5804.1,0,3,4,2,Muy feliz,1,0,1,El Oro
1415,691.06,Hombre ,46,14,27,188,2516.22,0,3,2,5,Triste,1,0,0,AZUAY
1416,502.17,HOMBRE,37,11,20,185,1626.35,0,2,3,4,Feliz,1,1,2,AZUAY
1417,786.65,HOMBRE,56,16,36,172,418.79,0,3,2,3,Muy feliz,0,1,1,El Oro
1418,642.37,hombre,34,13,15,129,6030.31,0,2,1,2,Feliz,0,1,1,AZUAY
1419,1412.88, Mujer,31,11,14,193,1709.36,1,1,2,1,Feliz,1,1,0,LOJA
1420,NA,HOMBRE,21,16,0,164,1363.74,1,1,3,3,Feliz,1,1,2,EL ORO
1421,"663,56",hombre,65,14,47,168,972.95,1,1,1,2,Triste,0,1,2,EL ORO
1422,626.96,H,29,11,12,149,2282.12,1,1,1,2,Normal,0,0,,EL ORO
1423,,Hombre ,49,12,31,151,340.06,0,2,1,4,Normal,0,1,1,el oro
1424,2036.10,Hombre ,63,18,40,222,5588.46,1,1,3,1,Feliz,1,1,1, El Oro
1425,"1.083,52",hombre,57,10,42,191,2394.27,1,1,3,4,Muy feliz,1,1,2,guayas
1426,"261,36",mujer,22,8,3,135,685.48,0,2,2,1,Normal,1,1,2,El  Oro
1427,  1170,Mujer,22,16,2,101,1579.42,0,2,3,4,Feliz,0,1,2,El Oro
1428,553.73,Hombre ,30,14,12,199,413.14,0,2,4,4,Muy triste,0,0,1,EL ORO
1429,481.83,hombre,34,11,16,127,451.43,0,3,3,5,Normal,0,0,0,EL ORO
1430,"1.034,09", Mujer,26,13,7,163,2300.19,0,3,2,4,Normal,1,1,2,el oro
1431,"894,44",Mujer,23,7,7,206,3513.39,0,2,1,1,Muy feliz,1,1,3,El Oro
1432,"560,43",HOMBRE,59,14,37,110,5524.16,0,3,1,2,Muy feliz,1,0,0,El  Oro
1433,  874,Mujer,43,13,24,99,3919.8,0,2,2,4,Feliz,1,1,2,el oro
1434,  1603,M,38,8,23,212,5237.78,1,1,3,4,Normal,1,1,4, El Oro
1435,710.63,hombre,33,11,17,205,2334.16,0,2,1,5,Feliz,1,1,5,EL ORO
1436,,MUJER ,19,14,0,124,4778.82,1,1,1,1,Muy triste,1,1,4, El Oro
1437,  947,Hombre ,35,15,13,162,1617.92,1,1,1,3,Feliz,1,1,0,EL ORO
1438,841.78,Hombre ,99,18,40,157,864.18,1,1,1,4,Normal,1,1,4,Guayas
1439,454.89,mujer,21,10,3,107,1806.5,0,3,2,5,Muy triste,1,0,0,El Oro
1440,331.79,Hombre,40,4,23,224,1072.26,0,2,1,3,Feliz,0,0,1,El  Oro
1441,s/i,Hombre,65,10,49,180,705.85,1,1,1,2,Triste,1,0,2, El Oro
1442,1558.96,H,19,99,2,180,4144.72,0,2,4,1,Normal,1,1,2,GUAYAS
1443,  768,Hombre ,38,12,19,145,916.43,1,1,2,5,Muy feliz,1,1,0,LOJA
1444,1070.20,MUJER ,51,13,31,161,1384.08,1,1,3,2,Feliz,0,1,1, El Oro
1445,508.46,HOMBRE,64,8,50,136,1259.7,0,3,1,3,Muy triste,1,1,2,El  Oro
1446,528.24,H,32,15,13,93,770.13,0,2,1,3,Normal,0,1,3,EL ORO
1447,"1.025,22",hombre,29,13,12,104,3912.38,1,1,4,3,Normal,1,0,1,El Oro
1448,,Hombre,18,8,5,70,3131.32,0,2,2,2,Muy feliz,1,0,0,Guayas
1449,  481,Mujer,51,5,36,189,375.34,0,2,4,1,Triste,1,1,2,Guayas
1450,"648,45",hombre,25,15,2,107,1179.55,1,1,4,1,Triste,1,0,1,AZUAY
1451,456.36,Hombre,35,7,23,106,696.17,0,2,2,5,Muy triste,1,1,2,El  Oro
1452,842.92,mujer,54,13,36,155,2641.71,1,1,1,1,Triste,1,0,0,EL ORO
1453,"319,45",MUJER ,57,7,43,130,2878.38,0,3,1,3,Normal,0,1,1,El  Oro
1454,694.59,H,39,6,24,200,304.23,1,1,3,4,Feliz,0,0,0, El Oro
1455,632.42,Hombre,53,6,38,242,1225.07,1,1,1,3,Muy feliz,0,0,0,Loja
1456,"222,62",Mujer,38,15,18,59,759.14,1,1,1,4,Triste,1,1,2,Guayas
1457,359.87,hombre,38,16,17,134,1060.03,1,1,2,3,Feliz,1,0,1,EL ORO
1458,504.64,hombre,25,8,11,194,2783.86,0,2,1,2,Feliz,1,0,0, El Oro
1459,588.16,hombre,42,11,27,100,4339.95,0,2,1,1,Triste,0,1,3, El Oro
1460,716.95,MUJER ,41,7,28,196,2830.38,1,1,1,4,Triste,1,0,0,EL ORO
1461,"437,22",mujer,47,11,32,123,2718.11,0,3,2,1,Muy feliz,0,1,2,El  Oro
1462,439.18,M,62,9,48,150,902.35,0,2,3,3,Feliz,1,1,3,EL ORO
1463,279.22,Hombre,64,4,49,151,598.72,1,1,1,2,Muy feliz,1,0,1,GUAYAS
1464,372.68,mujer,33,6,17,66,2527.95,0,2,1,4,Muy feliz,1,1,1, El Oro
1465,  1018,Hombre ,99,7,22,175,4720.62,0,2,1,2,Triste,1,0,0,el oro
1466,  638,hombre,25,15,5,138,1321.06,1,1,3,4,Feliz,1,0,2,EL ORO
1467,"997,74", Mujer,54,9,39,191,1905.9,0,3,2,1,Muy feliz,1,1,2,El  Oro
1468,885.22,HOMBRE,40,8,26,224,852.65,0,3,4,5,Normal,1,1,3,Loja
1469,"419,04",HOMBRE,19,5,5,211,1124.07,1,1,1,2,Feliz,1,0,0, El Oro
1470,453.26,MUJER ,27,15,7,59,742.77,1,1,4,3,Normal,0,0,0,Guayas
1471,1407.18,Hombre ,55,14,33,163,658.64,0,3,2,1,Triste,1,1,2, El Oro
1472,  826,Hombre ,64,15,43,90,1260.03,1,1,1,3,Triste,1,0,0,Azuay
1473,s/i,Hombre ,28,14,6,197,1555.48,1,1,2,5,Feliz,1,1,0,guayas
1474,443.15,hombre,50,13,31,205,,0,2,1,1,Feliz,1,1,1, El Oro
1475,  632,Hombre ,24,19,0,103,407.72,0,2,4,4,Feliz,1,0,2, El Oro
1476,493.62,HOMBRE,21,14,1,162,1713.61,1,1,1,2,Normal,1,0,1,El  Oro
1477,"545,05",M,18,12,0,239,507.04,0,2,2,1,Feliz,1,0,2,El  Oro
1478,"731,38",mujer,30,14,9,107,364.57,0,2,2,1,Muy feliz,1,0,2,el oro
1479,,M,29,6,15,138,1626.11,1,1,3,5,Triste,1,1,1,guayas
1480,1018.81,M,45,12,25,197,4466.66,1,1,1,5,Feliz,0,0,0,el oro
1481,  571,M,41,9,26,306,1387.5,0,3,1,1,Triste,1,1,4, El Oro
1482,"1.394,72",hombre,60,13,40,272,1308.2,1,1,3,4,Normal,1,1,3,EL ORO
1483,  993,Mujer,19,9,4,167,2714.57,0,2,3,3,Muy feliz,1,1,3,GUAYAS
1484,676.20,Hombre,31,14,8,148,1688.63,1,1,1,4,Feliz,1,1,3,GUAYAS
1485,498.40,HOMBRE,60,12,45,148,898.17,0,2,1,5,Muy triste,1,0,2,el oro
1486,"347,46",MUJER ,46,20,20,51,1056,1,1,1,2,Triste,1,1,4, El Oro
1487,503.44,Hombre ,33,11,16,220,993.97,1,1,3,1,Muy feliz,1,1,1,el oro
1488,771.35,MUJER ,31,16,10,153,1274.65,0,3,1,4,Feliz,1,1,3,GUAYAS
1489,"498,51",Mujer,23,9,5,128,1269.84,0,2,2,4,Feliz,1,0,0, El Oro
1490,"963,75", Mujer,36,11,20,154,2565.68,0,2,2,5,Feliz,1,1,3,Azuay
1491,485.54,Hombre,22,13,4,204,517.47,1,1,1,5,Normal,1,1,1, El Oro
1492,788.41,H,42,15,19,190,690.54,1,1,2,3,Normal,1,1,1,el oro
1493,  1088,H,31,7,19,214,2436.84,0,2,3,3,Normal,0,1,,LOJA
1494,"946,12",Hombre,29,11,11,212,941.56,1,1,2,3,Normal,0,0,0,Azuay
1495,  411,MUJER ,45,99,30,185,782.42,0,2,2,2,Normal,1,1,4,el oro
1496,"435,64",hombre,31,10,15,156,312.57,1,1,1,4,Feliz,1,0,2, Loja
1497,"604,25",,40,8,25,999,663.67,0,3,1,1,Normal,1,1,1,EL ORO
1498,"678,30", Mujer,40,6,28,169,1503.27,1,1,2,5,Feliz,1,1,2, El Oro
1499,472.40,hombre,23,6,11,175,1580.9,0,2,1,2,Normal,1,0,0, Loja
1500,"1.050,97",hombre,99,18,14,165,1032.89,1,1,4,1,Triste,0,1,2,EL ORO
1501,1242.71,Hombre ,24,17,0,312,700.05,1,1,4,5,Feliz,0,0,0,Loja
1502,"520,93", Mujer,38,17,16,167,597.78,1,1,1,2,Feliz,1,1,1, Loja
1503,  630,mujer,57,11,42,119,2523.68,0,2,2,5,Triste,1,1,2,Loja
1504,540.34,Mujer,40,13,21,122,1049.46,1,1,3,1,Muy triste,1,1,2,El Oro
1505,573.91,Hombre ,65,11,48,135,4038.47,0,2,3,4,Normal,0,1,2,Loja
1506,911.05,mujer,62,12,45,243,1364.26,0,3,4,3,Muy triste,1,0,3, El Oro
1507,"417,74",mujer,33,4,17,192,741.5,0,2,2,3,Triste,0,1,0,guayas
1508,939.00,H,57,14,37,165,1219.98,1,1,1,1,Muy feliz,1,1,0,El Oro
1509,,mujer,55,16,32,125,249.12,0,2,1,5,Triste,1,1,1,El Oro
1510,425.20,HOMBRE,58,6,42,148,388.09,1,1,3,2,Muy triste,1,1,1,el oro
1511,"648,72",Hombre,45,10,26,158,1125.46,1,1,4,3,Normal,1,0,0,LOJA
1512,1348.86,Hombre,48,17,25,215,1804.93,0,2,2,3,Normal,0,1,2, Loja
1513,  1433,M,34,12,17,196,3483.08,1,1,2,2,Normal,0,1,2,Azuay
1514,"792,27",H,56,4,40,194,3171.4,0,3,2,1,Normal,1,1,0,El Oro
1515,664.48,Hombre,54,15,34,147,494.97,0,2,1,3,Normal,0,1,1,LOJA
1516,"519,10",HOMBRE,42,5,26,146,1770.85,0,2,1,3,Normal,1,1,0,Loja
1517,NA,HOMBRE,59,6,43,170,776.67,1,1,2,3,Muy feliz,0,1,1,EL ORO
1518,"952,88",Hombre ,56,17,34,114,1232.99,1,1,2,5,Normal,0,1,2,guayas
1519,733.27,H,53,10,37,298,343.68,1,1,3,5,Muy feliz,1,1,2,GUAYAS
1520,"419,30",MUJER ,19,14,0,194,366.87,1,1,2,1,Triste,0,1,2, El Oro
1521,690.66,H,37,10,20,217,635.8,0,2,2,4,Muy feliz,1,1,2,GUAYAS
1522,706.60,H,61,16,40,107,621.5,1,1,2,2,Normal,0,0,0,El Oro
1523,537.85,Hombre,43,7,29,126,2883.87,1,1,1,2,Feliz,1,1,3,el oro
1524,"361,44",Mujer,48,9,35,128,425.85,0,2,1,2,Normal,1,1,2,Guayas
1525,  470,mujer,43,12,26,226,244.75,0,2,1,4,Feliz,0,1,4, El Oro
1526,730.23,Mujer,56,9,42,246,2413.55,0,3,2,5,Triste,1,1,4, El Oro
1527,"204,22",MUJER ,19,9,6,176,643.82,0,2,1,2,Triste,1,0,3,GUAYAS
1528,813.54,hombre,37,11,19,195,1438.43,1,1,2,1,Triste,1,1,2,El  Oro
1529,"585,68",hombre,20,12,0,152,709.87,0,2,1,3,Normal,0,0,0,LOJA
1530,NA,Hombre ,57,1,43,135,915.04,1,1,1,3,Triste,1,0,4,El Oro
1531,806.69,HOMBRE,20,12,0,186,1667.83,0,2,1,4,Feliz,1,0,0,el oro
1532,  979,Hombre ,57,13,,191,1107.32,1,1,1,4,Feliz,0,1,1,GUAYAS
1533,926.06,Hombre,36,7,23,214,2268.58,0,2,1,3,Normal,1,0,2,El  Oro
1534,1079.21,H,55,15,36,189,1584.57,1,1,1,3,Feliz,1,1,3,Guayas
1535,556.22, Mujer,48,11,32,159,990.67,0,2,1,2,Feliz,0,1,3, El Oro
1536,503.16,H,46,10,32,162,1694.58,0,2,1,2,Muy feliz,1,0,0,EL ORO
1537,  381,Hombre,46,5,31,149,606.82,1,1,1,4,Feliz,1,1,1,el oro
1538,1065.26,HOMBRE,22,15,0,999,5923.61,1,1,1,5,Normal,0,0,1,El Oro
1539,776.95,M,47,15,26,235,440.62,1,1,1,4,Muy feliz,1,1,1,Guayas
1540,  635,HOMBRE,39,15,18,96,4242.55,1,1,1,2,Normal,0,0,2,AZUAY
1541,515.69,HOMBRE,54,8,38,207,435.25,1,1,1,1,Triste,1,1,2,el oro
1542,165.84,H,21,5,3,61,1125.8,1,1,1,2,Feliz,0,0,2,El Oro
1543,555.11,mujer,55,14,35,183,1044.86,0,2,2,5,Feliz,1,1,3,El Oro
1544,476.07, Mujer,18,13,0,166,933.31,0,2,1,3,Triste,1,0,0,guayas
1545,"1.719,00",Hombre,28,15,5,220,4765.63,0,2,3,3,Feliz,1,0,1,Loja
1546,801.08,H,22,13,5,96,1369.67,0,2,3,5,Feliz,0,0,1,El  Oro
1547,1017.01,Hombre,45,15,22,88,6364.15,1,1,1,2,Normal,1,1,2,Guayas
1548,NA,H,26,15,5,207,2699.59,1,1,1,4,Normal,1,1,1,El Oro
1549,"344,59",Hombre,40,12,22,144,816.12,0,2,1,3,Triste,1,0,0,el oro
1550,NA,Hombre,44,16,20,141,649.8,0,3,1,3,Feliz,0,1,3,EL ORO
1551,607.24,mujer,46,13,28,177,2133.23,1,1,2,3,Feliz,1,1,2,El  Oro
1552,"495,05",mujer,21,11,6,146,1617.54,0,3,1,4,Triste,1,0,0,EL ORO
1553,591.44,HOMBRE,57,10,41,210,568.08,0,3,2,5,Normal,0,0,1, El Oro
1554,  538,Hombre,28,8,13,191,1379.28,0,2,1,3,Normal,1,0,3,GUAYAS
1555,"265,67",Mujer,64,6,47,159,193.71,0,2,3,2,Feliz,1,0,0,EL ORO
1556,983.37,hombre,32,14,13,142,1830.91,0,3,3,4,Triste,0,0,2,Loja
1557,777.55,HOMBRE,60,14,43,155,2023.35,1,1,1,2,Triste,1,1,1,El Oro
1558,596.43,Hombre,62,11,46,144,1467.11,0,3,2,3,Muy triste,1,1,4,Guayas
1559,232.15,Hombre,19,14,0,107,326.38,0,2,1,5,Feliz,1,0,0,El Oro
1560,"621,18",HOMBRE,55,14,37,85,4100.22,1,1,3,3,Feliz,1,0,2, El Oro
1561,"891,57",hombre,64,16,42,173,516.61,1,1,4,5,Muy feliz,0,0,0, El Oro
1562,"489,64",Hombre,18,10,0,158,369.67,0,2,4,3,Normal,1,1,4,el oro
1563,644.17,H,51,9,37,173,1932.79,1,1,2,3,Muy triste,1,0,2,GUAYAS
1564,  1033,mujer,63,14,40,112,1116.17,0,2,4,5,Normal,1,0,1,Azuay
1565,277.37,M,34,6,19,99,310.04,1,1,1,2,Muy triste,1,1,0, Loja
1566,"532,12",hombre,45,11,25,128,1049.72,0,2,1,2,Feliz,0,0,1,Guayas
1567,653.80,Hombre ,26,5,9,999,4832.91,0,2,3,4,Muy triste,1,0,2,el oro
1568,"1.371,09",hombre,48,16,27,257,510.76,1,1,2,3,Feliz,1,0,2,LOJA
1569,"1.368,88",Hombre ,38,15,18,185,1261.42,1,1,1,5,Feliz,1,1,1,AZUAY
1570,"473,87",mujer,27,14,9,165,568.59,0,2,4,3,Muy triste,0,1,0,el oro
1571,"1.444,41",hombre,29,18,6,294,1637,1,1,3,5,Normal,1,0,0,El  Oro
1572,  769,mujer,25,8,11,143,2173.44,0,2,1,5,Normal,1,0,1,AZUAY
1573,899.37,Hombre ,48,11,28,196,4072.35,0,2,1,1,Muy feliz,1,1,1,GUAYAS
1574,1200.03,hombre,61,10,,221,1678.9,0,3,1,3,Muy triste,1,1,1,Guayas
1575,  1033,mujer,38,7,24,232,1292.21,0,2,1,1,Muy triste,0,0,1,El Oro
1576,"1.675,18",HOMBRE,18,13,0,222,2802.49,0,2,3,5,Normal,0,1,1,el oro
1577,1120.30,H,23,18,0,152,2928.17,1,1,1,3,Triste,1,1,0,El  Oro
1578,1001.57,Hombre ,37,17,10,135,1764.2,0,2,2,5,Feliz,1,0,0, El Oro
1579,"1.040,55",Hombre ,34,15,15,199,1144.92,1,1,2,4,Feliz,1,1,2,Azuay
1580,550.56,Hombre ,24,11,7,151,1248.98,1,1,2,1,Feliz,0,1,1,AZUAY
1581,1039.84,Hombre,26,5,10,999,2227.06,0,3,1,3,Triste,0,0,0,El Oro
1582,"518,47",HOMBRE,19,12,1,199,2037.06,0,2,3,5,Muy feliz,1,0,1,El  Oro
1583,555.42,H,20,12,2,142,1853.66,1,1,1,4,Triste,1,1,4,Azuay
1584,  373,MUJER ,48,7,36,101,821.7,0,3,3,4,Feliz,1,0,0, El Oro
1585,  571,Hombre,30,9,13,173,1232.56,1,1,1,1,Normal,0,0,0,Loja
1586,"751,41",Mujer,39,17,15,155,2090.03,1,1,1,4,Muy feliz,1,1,4,guayas
1587,"718,02",hombre,46,9,33,161,705.62,0,3,1,2,Feliz,1,1,2,GUAYAS
1588,"417,72",Hombre,23,6,6,172,836.36,0,2,1,3,Normal,1,0,1,El  Oro
1589,756.00,Hombre,18,13,0,113,2690.66,0,3,1,3,Feliz,1,1,3,El  Oro
1590,"897,72",Mujer,61,21,,147,2366.27,1,1,1,2,Muy feliz,1,1,2, El Oro
1591,595.80,M,49,13,31,83,3107.93,1,1,1,5,Triste,1,1,3,El Oro
1592,,hombre,32,11,14,150,3055.79,0,2,1,5,Feliz,1,0,0,El  Oro
1593,"581,42",M,36,9,22,133,634.21,0,3,1,2,Triste,1,1,1,LOJA
1594,"731,96",HOMBRE,21,5,7,184,1766.26,0,2,4,5,Normal,1,0,1, Loja
1595,NA, Mujer,20,6,2,185,,1,1,4,4,Triste,0,0,0, El Oro
1596,"992,93",hombre,49,15,28,226,254.88,0,3,3,5,Muy triste,1,0,1,El Oro
1597,  391,hombre,26,10,8,94,847.49,0,2,1,4,Muy feliz,1,1,2,el oro
1598,794.81,Hombre,29,19,4,144,2211.87,0,3,1,1,Muy triste,0,1,1,guayas
1599,"676,68",mujer,19,14,0,104,2960.95,0,2,2,4,Triste,0,0,2,Loja
1600,343.74,H,60,4,47,236,1953.69,0,2,1,3,Feliz,0,1,1,EL ORO
1601,972.46,hombre,35,9,20,210,1266.51,0,2,2,4,Triste,0,0,,AZUAY
1602,608.03,Mujer,23,12,4,167,644.7,0,2,3,3,Muy triste,1,0,2,EL ORO
1603,468.60,Hombre ,51,14,29,188,278.33,1,1,1,3,Feliz,0,1,0, El Oro
1604,814.45,mujer,49,11,32,202,1988.06,1,1,3,3,Normal,0,1,1,guayas
1605,"816,07",M,55,4,41,177,4255.57,0,3,1,5,Muy feliz,1,1,1,El  Oro
1606,"678,49", Mujer,60,15,38,136,928.41,0,3,1,4,Muy triste,0,1,1,el oro
1607,727.24,hombre,57,12,41,158,902.57,0,3,4,3,Feliz,1,1,3, El Oro
1608,479.28,MUJER ,59,6,46,163,2073.07,0,2,3,3,Muy triste,0,1,2,El  Oro
1609,370.97,MUJER ,55,14,35,114,932.74,0,3,1,3,Muy triste,1,1,0, El Oro
1610,945.03,H,64,14,44,174,3057.67,1,1,1,1,Triste,1,0,0,AZUAY
1611,"375,48",M,60,7,43,999,966.06,0,3,1,3,Normal,0,1,0, El Oro
1612,225.84,M,42,4,28,117,430.41,0,2,1,4,Triste,1,0,1,El Oro
1613,723.17,H,23,8,10,206,1119.15,0,3,3,4,Triste,1,1,2,EL ORO
1614,"139,54",mujer,46,8,33,36,921.02,1,1,1,5,Muy triste,1,0,3, El Oro
1615,"237,34",MUJER ,39,6,23,139,782.38,0,2,1,2,Normal,1,1,3, El Oro
1616,357.49,Hombre ,62,5,49,126,2027.24,0,3,1,5,Normal,1,0,1,El  Oro
1617,  350,Hombre ,50,8,36,155,666.52,0,2,3,4,Triste,1,1,4,El  Oro
1618,673.80,HOMBRE,56,9,40,167,2691.19,0,3,1,4,Feliz,0,0,0,el oro
1619,"370,32",hombre,60,8,47,141,438.03,0,3,1,4,Feliz,0,1,0,LOJA
1620,849.21,M,39,16,17,125,1016.11,1,1,3,1,Normal,1,1,1, El Oro
1621,"1.059,41",hombre,47,14,28,191,1895.33,1,1,1,3,Triste,0,1,4,el oro
1622,"1.085,64",mujer,29,9,14,252,1115.8,1,1,3,2,Triste,0,1,2,el oro
1623,1064.05,,40,12,21,227,1505.67,1,1,1,3,Muy feliz,1,0,1,El Oro
1624,NA,MUJER ,54,17,31,193,1398.9,0,3,1,1,Normal,1,0,0,guayas
1625,1235.77,mujer,42,12,23,172,1171.31,0,3,3,3,Normal,1,0,0,guayas
1626,597.40,Hombre,25,11,6,201,1325.08,1,1,2,3,Feliz,1,0,1,AZUAY
1627,1426.18,Mujer,25,18,2,120,3033.27,0,2,2,3,Feliz,0,1,2,el oro
1628,999.85,H,64,10,48,169,2269.7,0,3,3,4,Normal,0,1,2, El Oro
1629,"883,65",HOMBRE,39,14,17,125,1182.15,0,3,1,5,Normal,1,0,1,EL ORO
1630,714.14,HOMBRE,38,14,18,80,1276.54,1,1,1,4,Muy feliz,1,0,0,guayas
1631,  1031,M,43,15,21,102,1664.73,0,2,4,1,Feliz,1,1,2,EL ORO
1632,345.99,hombre,32,12,13,148,413.34,1,1,1,4,Feliz,1,1,3,el oro
1633,"1.319,20",Hombre,47,13,30,225,2438.77,1,1,1,3,Muy triste,1,1,1,El  Oro
1634,"555,78",HOMBRE,18,12,2,183,577.02,1,1,1,4,Normal,1,0,0,Guayas
1635,1194.34,HOMBRE,41,14,21,152,1202.17,0,3,2,3,Muy feliz,0,0,0,El  Oro
1636,"799,14",HOMBRE,50,14,28,219,413.36,0,3,3,1,Muy triste,1,1,3,El Oro
1637,781.03,hombre,18,13,0,196,1482.95,1,1,2,3,Feliz,1,0,0, El Oro
1638,"1.261,75",H,49,12,30,232,1605.52,0,2,2,3,Feliz,0,1,1, Loja
1639,"1.003,46",Hombre ,33,20,8,190,2531.38,1,1,1,4,Feliz,1,1,3,Azuay
1640,642.03,hombre,22,17,0,123,6112.89,1,1,1,5,Feliz,1,1,3,El  Oro
1641,545.63,HOMBRE,24,13,7,168,1234.3,1,1,1,1,Triste,1,1,0,el oro
1642,"730,82",MUJER ,25,14,5,164,2708.31,0,2,2,3,Triste,1,0,0,Azuay
1643,"574,33",Hombre,30,9,16,115,1956.35,1,1,3,5,Feliz,0,1,1,guayas
1644,489.03,HOMBRE,47,99,33,172,337.72,0,2,4,3,Normal,1,1,1,EL ORO
1645,449.43,mujer,55,6,42,174,1317.68,0,3,2,1,Feliz,0,1,3,AZUAY
1646,  527,Mujer,54,17,32,76,717.45,0,3,1,5,Normal,0,0,0,El Oro
1647,"348,02",M,32,4,17,181,807,0,2,1,1,Muy feliz,1,1,3,LOJA
1648,969.89,H,19,14,0,162,1037.79,0,2,4,2,Normal,1,0,0,AZUAY
1649,"755,58",H,20,11,3,168,886.57,0,2,3,4,Feliz,0,0,0,guayas
1650,507.10,Hombre ,20,12,2,98,916.89,0,3,1,2,Feliz,1,0,0,el oro
1651,"627,91",MUJER ,31,14,11,179,770.75,0,3,2,2,Normal,1,1,2,Loja
1652,299.60,MUJER ,23,10,3,196,856.37,0,2,1,3,Feliz,1,0,1,El Oro
1653,797.17,MUJER ,44,12,27,206,487.76,0,2,2,4,Normal,1,1,2, El Oro
1654,"780,44",Hombre ,36,17,13,154,795.45,0,2,1,3,Triste,0,0,0,Azuay
1655,"731,40",Mujer,49,12,30,170,4825.46,0,2,1,4,Normal,1,0,1,Azuay
1656,665.85,hombre,23,12,5,213,579.69,0,2,3,5,Muy triste,1,0,0,AZUAY
1657,373.72,M,32,15,14,65,1445.45,1,1,1,2,Feliz,0,0,2,El  Oro
1658,1835.39,HOMBRE,45,15,24,256,846.87,1,1,4,3,Muy feliz,1,0,0,AZUAY
1659,816.25,HOMBRE,49,3,33,214,1633.17,0,2,2,3,Normal,1,1,3,EL ORO
1660,996.24,Hombre,52,6,35,105,15464.1,0,3,2,1,Normal,0,0,3,el oro
1661,NA,H,33,15,10,177,1993.93,1,1,2,1,Normal,1,1,2, Loja
1662,NA,Hombre ,32,18,7,186,202.17,0,2,1,4,Triste,0,0,2, El Oro
1663,302.50,mujer,55,7,43,151,989.83,1,1,1,5,Triste,0,1,1,El  Oro
1664,442.09,hombre,61,12,42,83,991.08,0,3,2,3,Feliz,1,1,2,EL ORO
1665,1059.40,MUJER ,27,18,4,182,3557.35,1,1,2,3,Muy feliz,1,0,0,AZUAY
1666,"594,64",Mujer,48,12,30,165,2379.5,0,2,1,4,Muy feliz,0,1,4,el oro
1667,"736,58",hombre,62,11,44,999,4435.82,0,3,2,5,Normal,1,0,0,el oro
1668,"326,35", Mujer,19,7,3,183,1922.74,0,3,1,3,Feliz,1,0,0,El  Oro
1669,"522,86",Hombre ,35,13,14,191,979.7,1,1,1,5,Muy feliz,1,0,2,el oro
1670,891.59,Mujer,25,16,1,212,3100.51,1,1,1,4,Normal,1,1,2,El  Oro
1671,590.92,HOMBRE,24,13,7,123,2689.35,1,1,1,5,Triste,1,1,1, El Oro
1672,"587,94",HOMBRE,35,9,18,254,289.42,0,3,3,1,Triste,0,0,2,el oro
1673,  494,H,61,11,45,171,324.65,0,3,2,3,Triste,1,1,1,guayas
1674,1012.28,HOMBRE,33,16,13,159,913.56,1,1,2,2,Normal,1,1,1,Azuay
1675,"504,63",Hombre ,18,11,3,250,728.31,1,1,1,3,Muy triste,1,0,3, El Oro
1676,s/i,MUJER ,65,13,,182,1871.32,0,3,2,1,Normal,1,1,0,Azuay
1677,"1.172,52",Mujer,37,21,9,167,2176.35,1,1,3,4,Normal,1,0,0,Azuay
1678,"674,39",Mujer,32,17,8,82,,1,1,1,4,Muy feliz,1,1,0, El Oro
1679,"1.855,69",HOMBRE,55,19,30,171,1847.39,1,1,2,5,Feliz,0,1,1, El Oro
1680,"786,11",mujer,33,11,16,176,906.73,1,1,1,4,Feliz,1,1,2, El Oro
1681,997.74,hombre,46,14,25,135,2483.18,0,2,2,5,Normal,0,0,0,El Oro
1682,326.29,hombre,27,4,14,155,1669.37,0,2,1,3,Muy triste,0,0,0,El Oro
1683,463.11,Mujer,99,10,11,149,2858.05,0,2,2,5,Normal,0,0,0,guayas
1684,"971,67", Mujer,44,14,25,179,2214.36,0,3,1,1,Normal,1,1,2,El  Oro
1685,855.92,H,32,15,12,113,4085.31,1,1,1,2,Feliz,0,0,0,Loja
1686,711.01,Hombre,62,19,35,140,972.16,0,3,1,1,Normal,0,1,4, El Oro
1687,  756,Mujer,60,8,42,204,270.71,0,3,3,3,Feliz,1,0,3, El Oro
1688,672.76,Hombre,62,15,41,114,2173.36,1,1,2,4,Muy triste,0,0,1,el oro
1689,,mujer,22,17,0,140,1716.93,0,2,1,5,Muy feliz,1,0,1,el oro
1690,383.48,H,52,5,34,90,955.04,0,2,1,3,Muy triste,1,1,1,EL ORO
1691,895.21,mujer,42,10,27,165,810.74,0,3,4,3,Normal,0,1,1,Azuay
1692,667.44,Hombre ,52,7,36,194,2269.2,0,2,4,1,Feliz,0,1,1,El Oro
1693,660.96, Mujer,27,11,10,133,2456.04,0,2,3,1,Feliz,1,0,0,Azuay
1694,713.38,,46,5,30,226,5254.32,0,2,1,3,Muy feliz,0,0,0,EL ORO
1695,"456,10",M,19,14,1,131,332.58,1,1,2,5,Normal,1,1,2,el oro
1696,"1.477,25",MUJER ,58,16,36,207,3974.69,1,1,2,3,Muy feliz,1,0,0,EL ORO
1697,"976,05",M,61,99,36,261,776.96,1,1,1,4,Normal,1,1,1, El Oro
1698,1880.04,H,40,14,19,247,3305.41,1,1,2,5,Muy feliz,1,0,0,Loja
1699,  1197,Mujer,49,14,31,138,3178.13,1,1,1,1,Feliz,1,1,4,El  Oro
1700,1339.06,mujer,57,15,34,286,3370.18,0,3,2,4,Feliz,1,1,1,Guayas
1701,"675,27",hombre,61,14,40,187,3336,1,1,3,5,Normal,1,0,1,EL ORO
1702,"534,60",MUJER ,32,15,12,116,4062.1,0,2,1,4,Muy feliz,0,1,1, Loja
1703,1439.58,HOMBRE,27,15,7,278,4376.6,1,1,2,1,Feliz,1,0,0,el oro
1704,  699,mujer,34,7,17,186,1935.53,0,3,3,4,Feliz,1,1,1,el oro
1705,602.97,HOMBRE,21,16,0,168,448.98,0,2,1,3,Feliz,0,0,1,EL ORO
1706,"795,20", Mujer,99,11,11,143,1437.77,0,2,3,4,Triste,0,0,1,el oro
1707,228.40,MUJER ,42,8,28,134,1006.16,0,2,1,1,Muy triste,1,0,0,Azuay
1708,"463,57",Hombre,32,11,14,175,463.11,0,2,1,1,Feliz,1,1,1, El Oro
1709,499.29,H,18,13,0,140,1130.15,1,1,1,5,Feliz,0,1,3,el oro
1710,550.41,H,40,16,19,135,592.69,1,1,1,2,Normal,1,0,0,El  Oro
1711,752.81,M,47,14,25,197,1365.81,1,1,1,3,Muy feliz,0,0,1, Loja
1712,"512,21",HOMBRE,35,99,20,200,681.32,0,2,1,3,Muy triste,0,1,0,EL ORO
1713,1583.67,hombre,35,15,15,295,1653.82,1,1,3,4,Normal,1,1,5,AZUAY
1714,1502.40,M,54,17,31,190,2230.3,0,3,3,5,Feliz,0,0,2,LOJA
1715,"704,39",Mujer,39,13,22,142,1593.95,0,3,2,5,Normal,1,1,2,El  Oro
1716,"370,62",hombre,41,2,26,135,549.78,1,1,2,3,Normal,1,1,5,EL ORO
1717,445.71,Mujer,64,11,48,117,1728.15,1,1,2,4,Feliz,1,1,2,EL ORO
1718,"649,05",MUJER ,44,9,29,162,483.97,1,1,4,2,Normal,0,1,2,El  Oro
1719,  476, Mujer,32,11,15,149,1522.09,0,2,1,3,Triste,1,0,2,el oro
1720,820.77,hombre,21,8,7,229,3402.2,0,2,3,1,Muy feliz,1,0,0, El Oro
1721,786.57,H,60,11,44,130,3746.95,0,2,1,1,Muy feliz,1,1,0,El  Oro
1722,"851,29",Mujer,41,16,22,191,1923.86,1,1,1,4,Feliz,0,0,0,El Oro
1723,438.10,hombre,27,15,8,156,848.96,0,3,1,3,Feliz,0,0,0,el oro
1724,"567,47",H,20,11,4,137,365.38,1,1,1,3,Normal,1,1,2,guayas
1725,  1163,HOMBRE,49,14,28,240,2382.6,0,3,1,4,Feliz,1,0,0,Azuay
1726,"375,28",Hombre,26,14,5,154,449.28,1,1,2,5,Muy triste,1,0,0, El Oro
1727,626.71,Hombre,20,6,7,168,648.69,0,2,4,3,Normal,1,1,1, Loja
1728,1359.35,Mujer,62,99,40,145,4312.59,1,1,2,2,Normal,0,0,2, Loja
1729,  656,M,24,13,4,163,1165.71,0,3,4,3,Muy feliz,1,0,0,El Oro
1730,"739,52",Hombre,99,8,42,165,3174.48,1,1,1,4,Feliz,1,1,1, El Oro
1731,"418,12",Hombre ,19,7,3,154,1438.99,1,1,1,2,Normal,1,1,4,AZUAY
1732,662.54,M,36,14,14,121,659.23,1,1,2,3,Normal,0,1,1,AZUAY
1733,"428,64",HOMBRE,18,3,2,141,1850.97,0,2,1,1,Triste,0,1,2,GUAYAS
1734,413.69,Mujer,18,6,3,161,632.02,1,1,1,2,Feliz,0,0,1,El  Oro
1735,"926,36",mujer,28,9,17,228,1940.12,0,2,1,4,Normal,1,0,0,Azuay
1736,NA,M,44,13,25,195,1084.91,0,2,2,5,Normal,1,0,1, El Oro
1737,756.69,MUJER ,38,9,25,200,3081.18,0,3,3,5,Normal,0,1,2,Guayas
1738,1261.73,Hombre ,99,9,45,224,10423.07,0,3,1,1,Feliz,1,1,5,EL ORO
1739,389.35,HOMBRE,30,14,9,94,310,0,2,2,1,Triste,1,0,1,LOJA
1740,675.10, Mujer,30,17,8,102,1677.88,1,1,2,4,Feliz,1,0,2,El  Oro
1741,736.43,H,29,10,15,185,3795.17,0,2,1,4,Normal,0,0,1,AZUAY
1742,"951,22",mujer,50,11,35,245,1422.12,1,1,1,2,Triste,1,0,0,LOJA
1743,319.66,hombre,31,10,16,132,523.13,1,1,3,3,Triste,0,0,1,El Oro
1744,435.26,HOMBRE,37,5,20,120,883.98,0,3,1,3,Normal,1,1,1,GUAYAS
1745,  678,Hombre ,52,13,33,164,1694.66,0,3,2,4,Feliz,1,0,0,El Oro
1746,"841,07",Mujer,19,8,5,163,2267.1,0,3,4,3,Feliz,0,0,0,El Oro
1747,670.55,HOMBRE,57,15,36,182,2893.75,1,1,2,4,Normal,1,1,2, El Oro
1748,770.19,MUJER ,56,17,34,181,998.62,1,1,4,4,Muy feliz,1,0,0,El  Oro
1749,"1.022,53",Hombre ,58,18,38,164,1957.84,1,1,1,3,Normal,1,0,3,El  Oro
1750,"1.466,07",hombre,27,15,3,169,2374,0,2,3,4,Normal,1,0,2,el oro
1751,"618,18",HOMBRE,58,10,39,188,2321.34,1,1,1,4,Feliz,1,1,0,Azuay
1752,"540,40",MUJER ,47,12,30,204,327.99,0,2,3,5,Muy feliz,1,1,2,LOJA
1753,"990,77",mujer,65,11,48,211,,1,1,1,3,Feliz,1,0,0,Loja
1754,,hombre,64,5,47,218,684.39,0,2,1,1,Triste,1,1,2,el oro
1755,"1.426,70",Mujer,36,14,14,175,3270.06,0,2,2,4,Feliz,1,1,1, Loja
1756,"540,80",Mujer,36,16,16,123,919.18,0,3,2,2,Triste,0,0,0, El Oro
1757,1807.81,hombre,53,16,32,184,2379.9,0,3,4,3,Normal,1,1,0,El  Oro
1758,"1.412,49",Mujer,49,17,27,184,4242.76,1,1,3,2,Normal,1,0,1, El Oro
1759,NA,H,48,18,22,210,263.46,1,1,2,3,Muy feliz,1,1,4,Azuay
1760,NA,Hombre ,52,16,30,177,1224.85,1,1,3,3,Feliz,1,1,2,guayas
1761,"546,50",hombre,55,16,32,109,1099.23,0,3,1,4,Feliz,1,0,0,El  Oro
1762,660.62,Hombre,48,15,27,154,897.97,0,3,1,4,Muy feliz,1,1,1, El Oro
1763,  367,MUJER ,19,10,1,172,924.43,1,1,1,4,Feliz,0,0,3,Guayas
1764,"439,82",H,55,13,37,51,1140.28,1,1,3,1,Triste,0,1,1,El Oro
1765,530.82,Hombre,99,12,37,151,2246.94,1,1,2,3,Normal,0,0,1,el oro
1766,547.66,mujer,22,10,8,166,1486.72,0,3,3,2,Triste,1,0,0,Guayas
1767,355.38,hombre,44,1,31,143,5963.11,0,3,1,5,Normal,1,1,0, El Oro
1768,1236.09,Hombre,30,18,9,140,1210.73,0,3,4,5,Triste,1,0,1,Guayas
1769,  606, Mujer,51,16,29,205,1871.37,0,3,1,2,Feliz,1,0,0,Loja
1770,  2473,hombre,63,19,37,165,3768.01,1,1,1,5,Muy feliz,1,0,0,El Oro
1771,s/i,HOMBRE,63,11,48,190,790.48,1,1,2,2,Feliz,1,1,1,El Oro
1772,816.66,HOMBRE,54,16,32,232,1221.68,0,3,2,3,Normal,0,0,0,EL ORO
1773,992.74,HOMBRE,40,13,19,106,2103.04,0,3,3,4,Normal,0,1,5,El Oro
1774,1263.29,HOMBRE,20,14,0,190,4936.6,1,1,1,1,Normal,0,0,0,El Oro
1775,"394,14",H,47,8,33,166,459.66,0,2,4,5,Feliz,1,1,0,Loja
1776,NA,Hombre,58,14,37,149,1121.04,0,2,1,4,Triste,1,1,2,El  Oro
1777,1075.50,Hombre,31,14,12,200,2291.5,0,3,2,3,Muy feliz,1,1,1,el oro
1778,318.31,M,45,7,30,85,1415.69,1,1,2,2,Triste,1,1,3,EL ORO
1779,586.37,Hombre ,25,14,7,130,1456.45,0,2,3,1,Muy triste,1,0,2,el oro
1780,"839,36",Hombre ,30,9,16,293,1778.18,0,2,1,2,Normal,1,0,0,Azuay
1781,"821,81", Mujer,23,14,1,168,1519.55,1,1,2,1,Normal,1,0,2,LOJA
1782,1051.77,Hombre,25,13,5,218,874.21,1,1,1,3,Normal,1,0,1,guayas
1783,1084.09,MUJER ,65,11,49,195,2613.6,1,1,3,2,Feliz,0,0,, El Oro
1784,  564,Hombre ,64,9,47,211,903.87,0,2,2,2,Muy triste,1,0,0,Loja
1785,182.68, Mujer,29,13,10,61,310.68,0,3,2,5,Normal,1,0,1,El Oro
1786,  751, Mujer,21,16,0,184,3159.25,0,2,2,1,Muy feliz,1,0,0, El Oro
1787,"684,04",hombre,47,13,28,151,1417.29,1,1,1,2,Muy feliz,1,0,0,el oro
1788,1414.86,mujer,20,11,1,999,4289.39,0,2,1,1,Normal,1,0,4,Guayas
1789,565.52,hombre,55,11,39,222,647.96,1,1,1,3,Feliz,1,0,0,el oro
1790,432.41,hombre,19,10,5,192,726.88,1,1,2,5,Muy feliz,1,1,0,Loja
1791,"963,72",Hombre ,23,18,0,183,1259.61,0,3,1,4,Triste,1,0,0,LOJA
1792,876.58, Mujer,21,11,4,276,1536.32,1,1,1,4,Triste,1,0,0,el oro
1793,NA,hombre,22,15,0,129,643.5,1,1,2,3,Normal,0,0,1,El Oro
1794,"580,14",Hombre ,99,8,25,155,577.5,1,1,4,2,Triste,1,1,2,El Oro
1795,1508.10,Hombre,48,21,21,159,867.89,0,3,3,1,Normal,1,0,0, El Oro
1796,509.22,hombre,18,12,2,183,1844.42,1,1,1,3,Muy triste,0,0,0,el oro
1797,"343,57",HOMBRE,22,5,,180,526.98,0,3,1,4,Normal,0,0,2,Loja
1798,"955,03",M,35,14,14,184,1083.12,0,2,2,1,Normal,0,0,1,Azuay
1799,"1.050,51",Mujer,34,19,5,144,2545.32,1,1,3,5,Feliz,1,0,0,El  Oro
1800,  674,M,31,15,10,172,1444.97,0,2,1,5,Muy feliz,1,1,0,El Oro
1801,  344,H,26,8,11,161,604.78,0,2,1,2,Triste,0,0,1,Guayas
1802,209.38,Hombre,46,5,33,171,304.38,0,2,1,2,Normal,1,0,1,Azuay
1803,442.39, Mujer,40,8,28,170,640.7,1,1,4,5,Triste,1,0,0, Loja
1804,"1.150,96",hombre,29,8,14,209,6060.03,0,2,1,4,Feliz,1,0,2,LOJA
1805,409.43,H,21,5,7,120,1730.33,0,2,1,1,Normal,0,0,2,EL ORO
1806,"1.397,37",Hombre,64,16,43,203,4443.23,0,3,1,2,Muy triste,1,0,2,AZUAY
1807,"805,35",HOMBRE,41,15,20,152,2612.68,1,1,1,5,Triste,0,1,0,El Oro
1808,568.32,mujer,29,17,4,157,756.71,0,3,3,5,Feliz,1,1,1,EL ORO
1809,  394,Hombre,18,8,7,139,886.86,0,3,2,5,Muy triste,1,0,1,El  Oro
1810,  454,HOMBRE,43,13,26,153,834.08,0,3,1,4,Muy triste,0,0,3, Loja
1811,"851,72",hombre,62,99,41,170,1656.48,0,2,2,1,Feliz,1,1,3,AZUAY
1812,"918,66",MUJER ,56,18,30,181,,1,1,1,4,Feliz,1,1,2,Azuay
1813,"902,44",HOMBRE,33,12,14,141,1343.36,0,3,2,3,Triste,1,1,2,Guayas
1814,"439,80",HOMBRE,18,13,0,137,479.19,0,2,2,3,Normal,0,1,2,GUAYAS
1815,765.70,Hombre ,24,12,5,92,1532.49,0,3,1,3,Normal,0,0,1,guayas
1816,816.79, Mujer,64,13,43,233,2131.1,0,3,1,5,Feliz,0,0,3,El Oro
1817,536.74, Mujer,55,9,,105,1344.87,0,2,2,3,Muy feliz,0,0,0,El  Oro
1818,797.17,HOMBRE,36,15,16,234,951.41,1,1,1,5,Muy triste,1,1,2,LOJA
1819,939.11,hombre,57,17,34,123,522.9,0,2,4,1,Feliz,1,1,2,Guayas
1820,584.74,Hombre ,18,5,2,213,2768.37,0,2,2,5,Muy feliz,1,1,2, El Oro
1821,817.36,Hombre ,18,13,0,214,1487.55,1,1,2,3,Normal,0,1,3, Loja
1822,"589,60",hombre,25,11,7,88,1547.53,1,1,2,3,Triste,0,0,2,El  Oro
1823,898.58,H,21,9,9,187,1832.63,0,2,4,1,Normal,1,0,1,Loja
1824,817.57, Mujer,64,18,39,201,656.21,1,1,2,3,Feliz,1,1,2,EL ORO
1825,  903,mujer,26,11,8,272,723.94,1,1,1,5,Feliz,1,1,4,EL ORO
1826,  211,Hombre ,18,3,2,147,733.54,0,2,1,4,Normal,1,0,0,AZUAY
1827,"958,91",H,33,16,10,190,730.54,0,2,3,3,Muy feliz,0,0,1,Azuay
1828,"775,95",Hombre,21,15,1,144,745.24,1,1,3,2,Triste,1,0,2,LOJA
1829,774.01,mujer,20,15,1,175,4410.17,0,2,1,3,Feliz,1,1,0,guayas
1830,"411,85",M,28,9,14,143,1239.21,0,2,2,4,Feliz,1,0,3,El  Oro
1831,NA,Hombre,48,17,28,168,1656.25,1,1,1,4,Triste,1,1,3, El Oro
1832,665.25,MUJER ,22,13,3,165,2257.48,1,1,2,3,Feliz,1,0,0,El  Oro
1833,485.11,H,28,14,8,142,361.09,0,2,3,1,Normal,1,0,0,AZUAY
1834,298.13,MUJER ,18,7,1,224,557.81,0,2,1,3,Normal,1,0,0,El  Oro
1835,"941,95",H,21,15,0,125,5016.66,1,1,2,4,Triste,0,0,2,Guayas
1836,"861,26",Mujer,31,18,7,137,1825.32,1,1,1,4,Triste,1,1,0,AZUAY
1837,"384,46",Mujer,22,99,8,174,681.12,1,1,1,5,Feliz,1,1,2, Loja
1838,,mujer,41,17,19,183,414.25,0,2,2,3,Muy feliz,1,1,,Guayas
1839,855.94,Hombre,20,15,0,168,1031.95,0,2,2,1,Muy feliz,1,0,1,LOJA
1840,809.59,M,40,15,19,175,7215.66,1,1,3,3,Normal,0,1,1, El Oro
1841,617.26,hombre,53,11,36,142,880,0,2,1,5,Normal,0,0,1,GUAYAS
1842,382.11,H,23,15,3,144,513.52,1,1,3,5,Muy feliz,1,0,0, El Oro
1843,"741,04",Hombre ,19,12,2,149,703.46,0,2,3,5,Muy triste,0,1,5,Loja
1844,"580,14", Mujer,24,6,7,138,1577.71,0,3,3,1,Feliz,1,0,0, El Oro
1845,516.51,Hombre,34,15,15,170,374.34,0,2,3,1,Feliz,0,0,3, Loja
1846,"1.741,03",Hombre,41,20,15,147,2844.87,0,3,4,3,Muy feliz,0,0,1,AZUAY
1847,s/i,HOMBRE,65,10,49,143,1484.81,0,2,1,2,Muy triste,1,0,3,el oro
1848,s/i,Hombre,29,11,11,153,1759.53,0,2,2,4,Normal,1,0,0,Loja
1849,"808,84",M,24,14,3,191,856.58,0,3,4,5,Muy triste,1,0,2,guayas
1850,"480,28",Hombre,41,16,20,168,1015.26,0,3,1,4,Normal,0,0,1, Loja
1851,736.15, Mujer,56,13,36,155,929.27,1,1,2,1,Muy triste,1,1,2,Loja
1852,1467.83,Hombre ,24,11,8,218,3172.52,0,2,3,4,Muy feliz,1,0,0,AZUAY
1853,"728,32",hombre,20,11,3,154,768.37,1,1,3,4,Normal,0,0,0,GUAYAS
1854,436.17,Hombre ,31,7,15,95,3385.53,1,1,2,3,Normal,1,0,0,LOJA
1855,647.55,hombre,40,11,22,138,1417.3,1,1,1,3,Triste,1,0,0,El  Oro
1856,"910,93",Mujer,32,10,14,219,2577.65,1,1,1,2,Normal,1,1,3,Azuay
1857,"1.576,49", Mujer,52,17,29,197,3491.11,1,1,2,1,Normal,1,1,4,Guayas
1858,"328,04", Mujer,39,8,24,146,1201.12,0,2,4,1,Feliz,1,0,0,Azuay
1859,"1.160,79",M,21,15,0,202,1033.23,0,2,3,5,Muy feliz,0,1,2,El  Oro
1860,  392, Mujer,43,10,25,85,2743.81,1,1,1,4,Normal,0,0,0,El  Oro
1861,1195.60,hombre,64,6,48,201,2583.23,0,3,1,4,Normal,0,0,0,EL ORO
1862,592.13,HOMBRE,29,8,15,220,738.78,0,2,2,2,Muy feliz,1,1,0,el oro
1863,884.36,hombre,24,12,5,154,880.32,0,2,3,5,Normal,0,0,0,AZUAY
1864,962.13,H,32,12,14,166,716.61,1,1,4,5,Normal,1,1,2,el oro
1865,889.13,Hombre,20,15,0,183,2005.62,0,2,2,4,Feliz,1,1,2,Loja
1866,"1.332,02",hombre,99,16,22,277,1152.8,1,1,2,4,Feliz,1,0,1,Loja
1867,  546,HOMBRE,34,9,20,197,704.28,0,2,1,3,Feliz,1,1,3,EL ORO
1868,646.61,H,20,11,3,197,1549.87,0,2,1,1,Muy feliz,1,1,3,El Oro
1869,656.99,HOMBRE,32,15,12,135,1417.47,0,2,4,4,Feliz,1,1,4,GUAYAS
1870,"607,16",Mujer,55,12,37,159,3136.05,0,2,1,5,Normal,1,0,1,EL ORO
1871,755.26,H,60,9,45,194,2263.09,0,2,3,1,Normal,1,0,0,EL ORO
1872,"460,14",M,48,13,28,171,1681.21,0,3,2,3,Feliz,0,1,0,Loja
1873,"666,29",HOMBRE,24,99,3,195,1263.65,1,1,2,3,Feliz,0,1,2,El  Oro
1874,606.32,MUJER ,21,16,0,157,1997.95,0,3,1,2,Normal,1,1,1,Azuay
1875,"381,01",HOMBRE,54,1,36,173,3038.58,0,2,1,1,Muy feliz,1,0,0,el oro
1876,"291,37",M,21,15,2,111,237.24,1,1,3,3,Normal,1,0,2,LOJA
1877,655.73,Hombre ,55,12,35,90,903.12,1,1,3,3,Triste,1,1,1, El Oro
1878,"697,79",MUJER ,61,11,44,131,3191.38,0,2,1,4,Triste,1,1,0,el oro
1879,1077.92,H,25,16,3,199,1948.33,1,1,3,3,Normal,0,0,1,El Oro
1880,320.71,HOMBRE,22,13,2,121,935.26,0,2,1,1,Triste,1,1,2, El Oro
1881,580.82,HOMBRE,28,6,15,181,3699.9,0,3,1,4,Muy feliz,1,0,1,EL ORO
1882,"681,50",mujer,22,15,1,150,3185.66,0,2,1,4,Feliz,1,0,1, Loja
1883,718.43,HOMBRE,20,12,2,150,3612.01,0,2,1,5,Feliz,0,0,0,guayas
1884,"791,67",Hombre ,61,12,40,210,397.99,1,1,2,5,Normal,1,0,3,AZUAY
1885,289.31,MUJER ,28,17,5,161,337.28,1,1,1,5,Normal,0,0,0,LOJA
1886,"2.463,68",HOMBRE,56,15,36,191,1993.03,0,2,4,1,Normal,1,1,2,El  Oro
1887,"691,66",mujer,51,11,36,188,1151.79,1,1,4,3,Normal,1,1,0,AZUAY
1888,"226,75", Mujer,21,2,8,212,483.54,0,3,1,5,Muy triste,1,0,2,GUAYAS
1889,1158.43,hombre,28,17,6,199,1259.58,1,1,4,2,Normal,1,0,0, El Oro
1890,"522,28",HOMBRE,60,99,44,130,2180.27,0,2,1,1,Triste,1,1,4, Loja
1891,  603,hombre,27,6,11,162,919.46,1,1,1,3,Normal,0,0,3,El Oro
1892,356.30,Mujer,36,6,21,125,921.49,0,2,3,5,Muy triste,0,1,3, El Oro
1893,820.91,HOMBRE,19,14,0,249,1291.17,0,2,2,1,Normal,1,0,1,EL ORO
1894,342.31,M,29,5,14,106,1775.18,0,2,2,4,Normal,1,0,1,El  Oro
1895,649.04,mujer,43,5,29,133,3557.57,0,3,4,4,Normal,1,1,0,El  Oro
1896,472.13,Hombre ,35,17,14,140,241.05,1,1,3,4,Feliz,0,1,2,el oro
1897,"992,42",Hombre,60,13,42,232,4215.82,1,1,1,4,Normal,1,0,1,el oro
1898,465.89,M,20,6,6,159,836.97,1,1,1,4,Muy triste,0,0,2,Guayas
1899,"552,78",H,32,9,18,246,1014.55,1,1,3,3,Muy feliz,0,1,2, Loja
1900,540.43,Hombre,63,4,48,191,2889.65,0,3,1,4,Normal,1,1,1,Guayas
1901,"669,20",H,34,5,19,168,897.65,0,2,4,4,Feliz,1,1,2,EL ORO
1902,,M,53,15,32,184,459.38,0,2,2,1,Normal,0,0,0,el oro
1903,  786,MUJER ,40,8,26,172,3375.83,0,3,2,3,Feliz,0,0,1, El Oro
1904,  499,Hombre ,18,13,0,151,1314.13,1,1,4,4,Feliz,1,1,4,GUAYAS
1905,668.20,H,63,10,48,155,933.26,0,3,3,2,Muy feliz,1,1,2,el oro
1906,380.01,Hombre ,39,5,23,137,1571.21,0,3,1,2,Normal,1,1,2,guayas
1907,  1120, Mujer,45,18,20,187,1383.57,1,1,1,2,Feliz,1,0,0, El Oro
1908,  446,Hombre ,18,7,1,193,418.73,0,2,3,4,Normal,1,1,4, Loja
1909,683.62,hombre,57,12,38,213,310.48,0,3,1,2,Muy feliz,1,0,0, El Oro
1910,  779,H,49,99,36,220,1710.01,0,3,2,4,Muy feliz,1,0,0,el oro
1911,600.53,hombre,99,6,16,180,1221.11,0,3,1,3,Triste,0,1,1,LOJA
1912,"852,45",Mujer,27,16,3,128,1566.42,1,1,3,3,Muy feliz,0,0,2, El Oro
1913,"709,88",Hombre,20,11,3,181,441.03,0,2,4,4,Triste,1,0,1, El Oro
1914,  1723,Hombre,52,16,31,229,4759.32,0,2,2,2,Muy feliz,1,1,2,El  Oro
1915,  949,mujer,28,11,11,144,8886.78,0,2,2,2,Muy feliz,0,0,2,el oro
1916,450.17,Hombre ,42,13,24,126,304.77,0,2,1,4,Feliz,0,0,0,Loja
1917,"420,68",H,38,14,17,71,574.57,1,1,1,3,Triste,1,0,1,EL ORO
1918,360.64,hombre,62,4,49,233,1020.6,1,1,2,1,Feliz,1,0,1,El Oro
1919,1054.00,M,53,16,29,168,717.76,0,3,4,1,Muy feliz,1,0,0,GUAYAS
1920,"863,64",Hombre,34,9,21,165,3786.24,1,1,2,5,Triste,1,1,1,El  Oro
1921,"239,16", Mujer,62,9,45,86,984.4,1,1,1,3,Triste,0,1,0,el oro
1922,1070.56,hombre,28,11,11,216,2159.69,0,3,3,1,Feliz,0,0,2, El Oro
1923,781.32,hombre,53,9,38,144,4949.7,0,3,1,5,Muy feliz,1,1,3, El Oro
1924,715.50,M,47,9,31,165,2010.33,0,3,2,4,Muy triste,1,0,0,El Oro
1925,"397,39",mujer,49,3,32,206,833.96,1,1,4,5,Muy triste,0,0,0,el oro
1926,867.31,H,34,15,12,173,1121.24,1,1,3,1,Muy triste,1,0,1,el oro
1927,"1.066,72",H,55,16,,180,841.34,1,1,1,5,Feliz,0,0,1,El  Oro
1928,435.90,MUJER ,57,11,39,149,300.72,1,1,3,4,Normal,1,1,2,Azuay
1929,687.86,mujer,55,10,38,199,763.86,1,1,2,2,Triste,1,1,3,El Oro
1930,798.65,MUJER ,42,5,26,163,2803.41,0,3,2,3,Feliz,1,1,0,el oro
1931,428.18,Hombre ,51,99,38,141,889.06,0,3,1,4,Feliz,1,1,0,LOJA
1932,  1228,Mujer,34,11,18,206,1886.84,0,2,1,5,Normal,1,1,1,LOJA
1933,857.26,mujer,61,13,41,192,3369.98,0,3,1,3,Triste,1,1,0, Loja
1934,"820,43",mujer,43,8,26,148,5921.31,0,3,1,5,Feliz,1,0,0,EL ORO
1935,  558,mujer,25,14,4,185,793.14,0,2,1,3,Feliz,1,1,5,guayas
1936,"505,79",Hombre ,54,10,38,170,168.35,0,2,4,2,Muy feliz,1,1,2,LOJA
1937,1103.70,MUJER ,20,15,1,279,4089.72,1,1,1,3,Normal,1,0,1,EL ORO
1938,  496, Mujer,18,12,0,186,761.33,0,2,1,4,Triste,1,0,1,EL ORO
1939,1129.93,HOMBRE,36,9,23,145,2887.29,0,3,2,4,Normal,1,0,0,Azuay
1940,555.60,Hombre,18,12,0,235,1544.87,0,2,1,3,Normal,0,0,1,El Oro
1941,"823,02",hombre,31,5,15,151,5227.65,1,1,1,3,Muy feliz,1,1,3,El  Oro
1942,261.16,mujer,20,7,4,121,1123.95,0,2,4,1,Feliz,1,1,,EL ORO
1943,555.52,Hombre ,61,13,43,181,667.96,0,3,2,1,Feliz,1,1,3,El  Oro
1944,358.00,Mujer,41,13,22,120,1068.04,1,1,1,4,Muy triste,0,1,2,Loja
1945,1014.87,M,39,15,19,182,483.66,1,1,4,3,Normal,1,0,0,Loja
1946,430.83,H,31,5,15,193,3756.43,0,3,1,4,Feliz,0,1,1,el oro
1947,"586,07",Mujer,31,8,17,191,893.85,0,3,2,5,Feliz,1,0,1,AZUAY
1948,457.25,Mujer,19,11,1,154,1162.12,0,2,2,2,Normal,0,0,0,LOJA
1949,"784,75",Mujer,26,18,1,170,812.07,1,1,1,5,Muy triste,0,0,0,guayas
1950,923.94,hombre,40,12,22,167,979.07,0,2,2,4,Muy feliz,0,1,3,El Oro
1951,425.38,hombre,23,5,9,193,1855.9,0,2,1,3,Normal,1,0,2, Loja
1952,454.54,M,41,11,24,163,725.54,0,2,2,3,Feliz,1,1,4,El Oro
1953,1034.38,Mujer,53,16,29,116,1083.51,0,2,1,4,Normal,1,1,2, El Oro
1954,  499,MUJER ,21,9,5,124,1723.26,0,2,3,4,Triste,0,1,1,EL ORO
1955,706.95,HOMBRE,36,13,15,158,1777.69,0,2,1,4,Normal,1,1,2,LOJA
1956,"296,03",H,99,13,27,76,491.37,0,3,1,5,Feliz,0,1,2,guayas
1957,"649,61",Hombre,24,13,6,216,1014.12,0,2,2,3,Muy feliz,0,0,0, El Oro
1958,"1.370,45",MUJER ,57,17,34,139,5807.76,0,3,3,4,Muy feliz,0,1,3, El Oro
1959,"521,97",M,54,7,40,184,1179.79,0,2,1,3,Muy triste,1,1,3,El Oro
1960,"462,40",H,39,13,18,112,589.56,1,1,2,1,Triste,0,1,1,GUAYAS
1961,"851,45",MUJER ,53,10,37,192,3136.16,0,2,1,4,Feliz,1,0,0,LOJA
1962,"397,77",mujer,21,12,3,150,341.26,1,1,3,3,Normal,1,1,1,GUAYAS
1963,"586,50",hombre,29,13,8,221,386.89,0,2,1,4,Feliz,1,1,2,El  Oro
1964,754.57,HOMBRE,41,15,19,192,,0,3,3,1,Triste,1,0,0,Guayas
1965,"656,59", Mujer,64,13,44,196,6043.11,0,3,1,1,Normal,1,0,0,El  Oro
1966,1475.76,mujer,45,10,31,262,1716.16,0,3,4,1,Muy feliz,1,1,1,EL ORO
1967,  678,Mujer,19,12,2,158,826.65,0,2,3,3,Feliz,0,0,4, El Oro
1968,"666,05",H,26,12,4,150,2042.99,1,1,3,3,Feliz,1,0,1,LOJA
1969,564.84,HOMBRE,57,6,43,198,2578.91,0,2,2,1,Feliz,1,1,2,el oro
1970,s/i,H,26,7,12,114,,0,2,1,4,Normal,1,0,0,AZUAY
1971,686.62,HOMBRE,61,8,45,213,1290.9,0,2,3,1,Triste,1,1,3, Loja
1972,"559,65",MUJER ,29,12,11,100,1037.36,0,3,1,1,Muy feliz,0,0,1,GUAYAS
1973,"413,96",Hombre,59,9,45,152,479.82,1,1,3,5,Feliz,1,0,0,guayas
1974,944.53,MUJER ,34,16,13,277,337.61,1,1,1,2,Normal,1,1,2,El  Oro
1975,785.29, Mujer,32,11,12,106,2376.19,0,2,2,2,Normal,0,1,1,el oro
1976,"1.185,36",hombre,99,13,11,185,11220.49,1,1,1,4,Muy feliz,1,1,1, El Oro
1977,968.12,MUJER ,36,11,17,175,4374.33,0,3,2,4,Triste,1,0,2,Loja
1978,  1000,Hombre,24,16,5,175,2129.4,1,1,2,1,Triste,1,0,1,El Oro
1979,562.90,HOMBRE,40,8,24,999,1085.41,0,2,3,2,Normal,0,1,5,Azuay
1980,NA,Hombre ,18,8,2,153,2514.43,1,1,1,5,Muy triste,0,0,1,GUAYAS
1981,549.14,MUJER ,25,10,10,193,976.96,0,2,2,5,Muy feliz,1,0,1, El Oro
1982,  654,HOMBRE,39,14,19,138,521.29,0,3,1,4,Muy triste,1,1,3,El  Oro
1983,745.15, Mujer,22,17,0,176,608.75,1,1,2,1,Triste,0,1,2, Loja
1984,"992,87",Mujer,54,11,37,187,1129.07,0,2,1,1,Muy feliz,0,1,1,el oro
1985,422.88,M,19,12,0,123,940.24,0,2,2,4,Triste,0,0,0,el oro
1986,571.43,HOMBRE,27,12,9,114,1831.19,1,1,2,5,Normal,1,0,0,EL ORO
1987,919.30,HOMBRE,44,13,26,136,1777.86,0,3,3,5,Normal,1,0,2,GUAYAS
1988,"883,95",hombre,24,16,0,134,2552.89,0,3,1,3,Triste,1,0,0,EL ORO
1989,1059.89,HOMBRE,41,20,18,204,403.12,1,1,3,3,Muy feliz,0,1,2,Loja
1990,755.61,mujer,63,11,46,162,1055.28,1,1,1,5,Feliz,1,0,2, Loja
1991,556.57, Mujer,99,11,34,115,1711.41,0,2,1,3,Normal,1,1,1,el oro
1992,  662,MUJER ,64,14,47,156,604.87,0,3,1,4,Muy feliz,1,0,1,LOJA
1993,"746,92",MUJER ,59,14,39,140,3672.17,0,2,2,5,Muy feliz,1,1,1,El Oro
1994,443.87,hombre,25,11,6,999,667.56,0,2,1,1,Muy triste,0,0,0,el oro
1995,628.37,HOMBRE,23,10,6,233,1407.29,0,2,3,4,Feliz,1,0,0,El  Oro
1996,915.25,MUJER ,38,12,20,237,1573.63,1,1,1,4,Muy feliz,1,0,1,EL ORO
1997,  571, Mujer,36,99,15,142,3439.57,1,1,1,5,Triste,1,0,0,El  Oro
1998,319.79,MUJER ,34,8,16,134,1311.4,0,3,1,3,Normal,1,0,2, El Oro
1999,  829,Hombre ,23,14,5,193,510,0,2,2,3,Muy feliz,1,0,0,Azuay
2000,"947,75",hombre,49,13,30,159,2598.15,0,2,2,4,Feliz,0,1,2,LOJA
2001,"961,62",HOMBRE,22,17,0,211,3723.19,1,1,2,5,Feliz,1,0,2,el oro
2002,676.38,Hombre ,52,8,38,167,3613.85,0,2,2,2,Triste,1,1,4,el oro
2003,"673,60",H,24,12,5,150,953.74,1,1,1,1,Normal,1,0,2, El Oro
2004,1249.84,M,58,15,36,144,1419.44,1,1,2,3,Normal,1,0,0,guayas
2005,"501,30",Hombre ,23,4,10,222,734.03,0,3,3,3,Triste,1,0,2,Guayas
2006,392.92, Mujer,20,11,2,138,995.29,1,1,1,4,Muy triste,1,0,1,AZUAY
2007,916.74,Hombre ,18,13,0,126,4270.21,0,3,1,2,Muy feliz,0,0,1,Azuay
2008,653.78,Hombre ,21,7,4,195,289.58,1,1,4,1,Feliz,1,0,1,Azuay
2009,"569,15",H,21,11,4,181,565.04,0,2,4,1,Normal,0,0,2,el oro
2010,658.10, Mujer,61,12,43,135,1801.77,1,1,1,5,Muy feliz,0,1,1,El  Oro
2011,786.91, Mujer,29,16,7,136,524.73,0,2,4,1,Feliz,1,0,2,Guayas
2012,  451,hombre,34,14,13,149,1019.26,0,3,2,3,Triste,0,1,0,LOJA
2013,666.95,Hombre ,42,14,24,99,1609.04,0,2,2,1,Feliz,0,0,0, Loja
2014,487.02,Hombre,25,11,7,176,989.55,1,1,2,5,Normal,1,0,0, El Oro
2015,734.28,hombre,29,15,10,149,1583.13,0,2,1,4,Normal,0,0,0,EL ORO
2016,524.20,mujer,45,7,29,189,1111.12,0,3,3,5,Normal,0,1,2,El Oro
2017,"581,58",HOMBRE,21,10,3,214,932.31,0,3,3,4,Muy feliz,1,0,1,Azuay
2018,"1.074,41",H,47,13,28,161,1743.5,0,2,2,5,Feliz,0,0,1,El Oro
2019,506.85,mujer,25,7,9,229,1773.93,0,2,1,3,Triste,0,1,3,El  Oro
2020,285.06,HOMBRE,30,9,16,134,596.61,1,1,2,3,Normal,1,0,2,LOJA
2021,648.17,mujer,21,9,6,117,797.46,1,1,4,5,Normal,0,0,0,guayas
2022,609.71,Hombre ,42,8,26,186,2188.1,0,3,2,3,Normal,1,1,3,EL ORO
2023,932.96,HOMBRE,50,12,36,166,1401.39,0,2,1,4,Normal,1,1,2, Loja
2024,370.67,M,52,6,38,223,1736.66,0,2,1,4,Triste,0,0,1,El  Oro
2025,607.45,HOMBRE,37,10,20,182,3357.18,0,2,3,5,Normal,0,0,0,El  Oro
2026,257.20,mujer,61,8,48,105,560.97,0,2,1,3,Muy triste,1,0,1,AZUAY
2027,NA,hombre,42,7,29,204,863.32,0,3,1,3,Feliz,1,1,1,LOJA
2028,"221,42",MUJER ,65,0,50,174,904.55,0,2,4,5,Feliz,1,0,3,AZUAY
2029,"1.155,08",H,23,16,2,142,1151.4,1,1,1,4,Muy triste,0,0,0,Loja
2030,335.73,H,33,4,17,149,3127.43,0,3,1,5,Feliz,1,0,4,GUAYAS
2031,  798,H,41,8,26,234,659.86,1,1,1,1,Muy triste,1,0,0, Loja
2032,"1.063,31",H,48,17,24,159,3825.43,0,3,1,1,Triste,1,1,0,EL ORO
2033,615.06,mujer,63,15,40,211,849.51,1,1,1,3,Feliz,1,1,2,LOJA
2034,"626,02", Mujer,99,12,17,224,557.82,0,2,2,5,Feliz,0,1,2,AZUAY
2035,"392,95",H,57,4,47,191,2023.42,0,3,1,2,Muy feliz,0,1,4, El Oro
2036,648.86,Mujer,24,14,,197,1212.46,0,2,1,4,Triste,1,1,3,El  Oro
2037,1398.60,hombre,43,13,25,178,3814.7,0,2,1,5,Feliz,1,0,0,Guayas
2038,650.15,HOMBRE,28,11,13,162,1199.65,0,2,1,3,Muy feliz,1,1,3, El Oro
2039,803.65,M,50,12,32,210,1020.98,0,2,2,2,Feliz,1,0,0,Loja
2040,  810,Mujer,33,10,15,140,2256.19,1,1,1,2,Normal,1,1,1,El Oro
2041,"1.336,76",Hombre ,18,13,0,206,1020.08,1,1,4,4,Normal,1,0,1,EL ORO
2042,478.35,mujer,42,7,27,185,986.47,0,3,3,2,Triste,0,0,0,GUAYAS
2043,"1.614,22",Mujer,42,14,24,162,4031.28,0,3,2,4,Triste,1,1,1,el oro
2044,  827,HOMBRE,18,13,0,231,772.2,1,1,2,2,Muy triste,1,1,2,el oro
2045,"818,52",Mujer,58,13,38,201,1957.66,1,1,2,1,Muy triste,0,1,1,LOJA
2046,  898,hombre,21,16,0,166,857.42,1,1,2,4,Feliz,1,0,1, Loja
2047,"825,04",HOMBRE,37,15,16,164,428.68,0,2,3,1,Feliz,1,0,2, El Oro
2048,"558,42",hombre,18,13,0,215,2604.38,1,1,2,5,Normal,0,0,0,El  Oro
2049,664.73,Mujer,24,13,7,191,1480.08,1,1,1,4,Feliz,0,0,0,guayas
2050,  251,HOMBRE,19,11,0,45,824.92,0,2,4,3,Triste,0,1,1,Azuay
2051,1096.07,HOMBRE,46,18,20,125,2263.96,0,2,2,3,Normal,1,1,1,AZUAY
2052,"554,05",Hombre ,57,4,40,194,1072.53,0,2,1,4,Triste,1,1,4,EL ORO
2053,917.85,Hombre,26,17,2,182,3289.53,1,1,3,4,Muy feliz,1,1,1,EL ORO
2054,  247,M,34,14,11,41,1990.54,1,1,1,4,Muy feliz,1,0,2,GUAYAS
2055,432.81,HOMBRE,48,6,33,213,511.57,0,3,2,1,Triste,1,1,1,EL ORO
2056,"658,70",hombre,50,9,36,190,489.81,0,2,1,1,Feliz,1,0,5,el oro
2057,"324,58",Hombre ,40,9,25,999,497.52,0,3,3,4,Normal,1,0,1, Loja
2058,"401,11",Hombre,36,11,18,158,225.04,0,3,1,1,Muy feliz,1,0,0,AZUAY
2059,  514,hombre,23,15,3,174,548.46,0,2,1,1,Feliz,1,0,,el oro
2060,370.58,Hombre ,33,13,15,225,329.88,1,1,1,3,Muy triste,0,1,1,Azuay
2061,274.42,MUJER ,49,7,35,79,2415.71,0,3,2,4,Feliz,1,1,4,guayas
2062,"407,34",mujer,31,14,12,999,798.52,0,2,1,2,Triste,0,0,2,El Oro
2063,"823,23",HOMBRE,19,14,1,140,1386.12,1,1,2,5,Triste,0,1,2,el oro
2064,"1.084,86", Mujer,36,4,20,180,3527.75,0,3,2,4,Normal,1,0,1,EL ORO
2065,811.15,HOMBRE,31,12,13,237,384.2,0,2,2,4,Triste,0,1,1,El  Oro
2066,791.89,MUJER ,23,16,1,166,1751.06,1,1,3,2,Muy triste,1,0,1, El Oro
2067,370.11,hombre,43,99,22,128,612.73,1,1,1,4,Normal,1,1,1,El  Oro
2068,277.23,Hombre,46,5,33,52,1087.78,0,2,1,3,Triste,0,1,1,EL ORO
2069,1041.05,HOMBRE,27,11,11,248,2318.9,0,2,1,4,Muy feliz,1,0,4,AZUAY
2070,"2.005,33",mujer,63,16,41,187,4895.62,0,2,3,3,Muy feliz,1,1,1,Loja
2071,663.84,mujer,20,12,0,164,2346.78,0,2,3,5,Feliz,1,1,4,El Oro
2072,795.21,H,34,12,17,181,1129.35,0,3,2,1,Muy feliz,1,1,0,El Oro
2073,"747,50",hombre,19,13,0,191,1361.81,1,1,1,3,Normal,1,1,2,AZUAY
2074,"942,56",hombre,29,16,6,218,495.11,1,1,4,4,Muy feliz,0,0,0,El  Oro
2075,"800,88",H,42,12,22,184,2450.61,0,2,1,5,Normal,1,1,4,guayas
2076,  322,M,23,8,8,224,574.02,0,3,1,3,Triste,1,0,2,El Oro
2077,NA,H,32,17,7,143,2834.79,1,1,2,4,Muy triste,0,1,2,El Oro
2078,"890,82",hombre,56,17,31,212,279.63,1,1,4,5,Feliz,1,1,1,Loja
2079,  366, Mujer,54,10,39,126,616.83,0,3,1,1,Muy feliz,1,0,2,El  Oro
2080,736.49,MUJER ,50,15,30,181,613.15,1,1,1,1,Normal,0,1,3,El Oro
2081,  453,H,39,13,18,89,3461.29,1,1,1,3,Feliz,1,1,3, El Oro
2082,"552,24",mujer,19,13,0,194,703.14,0,3,1,2,Feliz,1,0,2,El  Oro
2083,986.71,Hombre ,25,10,9,254,1955.59,0,3,3,1,Muy feliz,1,0,0,el oro
2084,"450,60", Mujer,32,15,13,80,1090.05,0,2,3,1,Feliz,1,1,3,Azuay
2085,"420,32",Hombre ,46,11,33,204,1571.63,0,2,1,3,Feliz,1,1,2,EL ORO
2086,2287.80,HOMBRE,59,10,39,157,4772.97,0,2,4,5,Normal,0,0,0,el oro
2087,  339,Hombre,49,8,35,111,481.31,0,2,3,5,Triste,1,1,2,El Oro
2088,"370,35",HOMBRE,49,6,33,132,1270.06,1,1,1,5,Normal,0,1,3,el oro
2089,644.82,Hombre ,18,13,0,154,1669.74,1,1,2,3,Normal,1,0,0,LOJA
2090,348.27,hombre,61,10,44,108,1691.24,0,3,1,3,Normal,1,0,1,Azuay
2091,828.59,Hombre ,19,14,0,201,1048.06,1,1,2,5,Feliz,1,0,1,el oro
2092,"290,94",hombre,61,7,49,150,804.16,0,3,3,3,Feliz,1,0,0,EL ORO
2093,810.92,Mujer,41,8,24,187,8383.45,0,3,1,2,Feliz,0,0,0,EL ORO
2094,"1.682,09",Hombre ,22,13,4,183,3796,0,3,4,3,Muy feliz,0,1,2,GUAYAS
2095,776.62,H,55,9,44,176,1245.23,0,3,3,3,Muy feliz,1,0,0,Guayas
2096,687.19,hombre,30,3,15,248,4228.4,0,2,1,3,Normal,1,0,2,EL ORO
2097,"427,37",Mujer,99,12,1,219,475.23,1,1,1,5,Feliz,1,1,2,Guayas
2098,"386,85",Hombre,32,9,17,191,780.26,0,2,1,3,Triste,0,0,1,el oro
2099,"765,43", Mujer,35,14,17,162,1101.87,0,3,2,5,Triste,1,1,3,El  Oro
2100,  497,HOMBRE,42,8,27,189,237.27,0,2,3,4,Triste,0,1,2,guayas
2101,776.69,H,55,12,39,264,651.22,0,3,1,2,Muy triste,0,1,2,El  Oro
2102,"769,80",H,55,10,39,199,1191.51,1,1,2,4,Muy feliz,1,1,1,Azuay
2103,635.00,hombre,18,11,3,174,891.78,0,2,4,5,Normal,0,0,2,EL ORO
2104,623.68,HOMBRE,45,13,26,68,2547.89,1,1,1,5,Triste,0,1,1, El Oro
2105,, Mujer,19,14,0,241,1615.05,1,1,1,1,Normal,1,0,1,el oro
2106,1261.83,M,57,15,34,185,2706.74,1,1,1,3,Feliz,0,1,4, El Oro
2107,  802, Mujer,62,19,37,187,2846.68,0,3,1,2,Muy feliz,1,0,2,EL ORO
2108,"389,14", Mujer,22,12,6,149,1223.12,0,2,1,3,Muy triste,0,0,1,guayas
2109,1048.14,HOMBRE,35,17,11,239,844.77,1,1,2,4,Triste,1,1,2,El Oro
2110,"531,48", Mujer,62,13,41,186,625.7,0,3,1,5,Muy triste,1,1,2,AZUAY
2111,  307,H,32,8,15,108,3724.49,1,1,1,1,Muy feliz,0,1,3,EL ORO
2112,"654,91",Mujer,63,15,44,40,4288.36,1,1,4,4,Muy feliz,0,1,4,El Oro
2113,"632,95",hombre,42,11,24,157,2020.75,0,2,1,5,Feliz,0,0,0,EL ORO
2114,862.42,M,25,13,6,241,934.04,1,1,2,5,Muy triste,1,0,2,GUAYAS
2115,"1.597,95",Hombre ,27,9,13,224,655.39,1,1,3,2,Feliz,1,1,1,EL ORO
2116,"532,82",hombre,39,11,22,154,1370.91,0,3,3,4,Feliz,1,1,2,El  Oro
2117,525.28,MUJER ,99,6,5,156,3594.89,0,2,2,3,Triste,0,1,1,LOJA
2118,"393,54",H,57,4,41,152,1089.55,0,2,3,4,Normal,1,0,0,Azuay
2119,451.54,HOMBRE,59,7,43,206,598.6,0,2,1,3,Normal,1,1,3,El  Oro
2120,553.19,Mujer,31,5,17,70,1317.27,0,2,4,4,Triste,1,0,0,El  Oro
2121,NA,Hombre ,48,16,25,157,964.54,1,1,2,2,Muy feliz,1,0,2,el oro
2122,483.20,M,25,9,9,151,4172.56,1,1,2,4,Normal,1,0,0,EL ORO
2123,979.40,mujer,24,18,0,171,1266.56,1,1,1,3,Feliz,1,0,2,El Oro
2124,831.65,H,30,8,14,241,1948.96,0,3,4,3,Triste,0,0,1,El Oro
2125,705.79,hombre,38,15,17,161,701.46,0,2,2,4,Muy feliz,1,0,2, El Oro
2126,597.60,H,35,12,18,170,1245.54,0,2,2,3,Normal,1,0,1, El Oro
2127,"1.041,84",H,31,17,11,136,5554.91,1,1,3,3,Feliz,1,1,0,GUAYAS
2128,893.37,Hombre ,18,13,0,184,1830.82,1,1,1,3,Normal,0,0,3,EL ORO
2129,"637,61",H,47,8,32,132,4563.58,0,2,3,4,Normal,1,0,0,el oro
2130,816.84,Hombre ,47,12,29,173,1581.81,1,1,2,2,Muy feliz,1,0,1,Azuay
2131,,Hombre ,34,10,19,127,1369.88,1,1,1,5,Triste,1,1,0, Loja
2132,  425,MUJER ,27,14,4,221,592.79,1,1,3,4,Muy triste,0,0,1,AZUAY
2133,"717,21",Mujer,25,8,11,169,2366.53,1,1,1,4,Muy triste,1,0,0,EL ORO
2134,  1485,M,47,15,24,248,1886.09,0,2,1,4,Normal,1,1,0,EL ORO
2135,437.09,Hombre,63,11,45,155,961.68,0,3,1,4,Normal,1,0,0,El  Oro
2136,s/i,M,28,13,8,121,980.4,1,1,1,5,Triste,1,0,0, Loja
2137,794.08,Hombre ,19,11,3,152,865.83,0,2,2,1,Feliz,0,0,1,El Oro
2138,  1395, Mujer,40,16,16,204,1652.93,1,1,1,1,Feliz,0,1,2,Guayas
2139,477.40,mujer,18,13,2,196,497.97,1,1,1,3,Normal,1,0,2,El Oro
2140,  544,M,55,12,38,197,808.48,1,1,1,3,Feliz,1,1,2,EL ORO
2141,s/i,Hombre ,19,5,3,174,3044.75,1,1,1,3,Normal,0,1,1,Loja
2142,1036.63,HOMBRE,29,14,11,261,2294.38,1,1,1,4,Muy triste,0,1,2, Loja
2143,536.79,Hombre ,42,12,25,130,498.76,1,1,2,5,Normal,1,0,2,el oro
2144,"444,21",MUJER ,19,14,0,65,760,1,1,1,1,Feliz,1,1,2,el oro
2145,1076.06,M,27,17,3,188,864.28,1,1,1,3,Normal,0,0,0,El  Oro
2146,744.78,hombre,59,19,32,172,560.35,0,3,1,1,Normal,0,1,0,EL ORO
2147,866.12,H,45,7,29,999,3618.3,1,1,2,5,Triste,1,1,2,El Oro
2148,940.02,Mujer,63,99,44,155,5533.07,0,3,1,5,Feliz,1,1,,Guayas
2149,"675,50",HOMBRE,39,99,21,169,1356.92,0,2,1,4,Feliz,1,0,,AZUAY
2150,293.70,Hombre ,65,7,49,105,1235.43,0,2,1,1,Triste,1,1,3,EL ORO
2151,"470,88", Mujer,44,8,29,164,1286.45,0,2,3,3,Normal,0,1,2,LOJA
2152,  331, Mujer,62,2,48,181,2011.63,1,1,3,4,Feliz,0,1,1,AZUAY
2153,"592,35",M,20,13,1,138,1574.89,1,1,1,1,Muy feliz,1,0,0,El  Oro
2154,608.04, Mujer,31,2,16,191,1612.09,0,3,4,3,Normal,1,1,2,Loja
2155,"511,67",HOMBRE,42,10,25,142,342.8,1,1,2,3,Triste,1,0,2,AZUAY
2156,  1153,Hombre ,27,19,3,125,521.66,1,1,1,5,Normal,1,1,0,AZUAY
2157,"863,66",H,56,14,36,137,3916.52,1,1,1,2,Normal,1,1,1, Loja
2158,  742,Hombre ,35,18,10,113,1078.22,0,3,1,4,Triste,1,0,0, El Oro
2159,220.50,mujer,31,14,11,999,403.6,1,1,1,1,Feliz,0,1,5,EL ORO
2160,466.59,mujer,51,12,34,186,1768.23,0,3,1,1,Muy feliz,0,1,3,Azuay
2161,"1.262,05",Mujer,39,17,17,185,1103.09,1,1,3,3,Muy feliz,0,1,1,LOJA
2162,  476,HOMBRE,57,16,33,66,1375.33,0,2,1,3,Muy feliz,1,1,3, Loja
2163,790.60,Hombre ,43,11,25,191,522.63,0,3,1,1,Muy feliz,1,0,0,LOJA
2164,  558,Hombre ,45,12,29,150,1375.82,1,1,1,1,Feliz,0,0,0,GUAYAS
2165,879.48,MUJER ,43,13,25,163,1074.54,0,2,3,3,Normal,1,1,1, El Oro
2166,1138.11,Hombre,59,6,43,164,2075.82,1,1,4,1,Muy triste,0,0,0,El  Oro
2167,392.13,H,28,11,12,189,3072.37,0,2,3,3,Normal,1,1,1,El  Oro
2168,"541,26",MUJER ,41,14,20,119,1853.64,1,1,1,1,Triste,1,1,2, El Oro
2169,387.05,Hombre,99,8,19,125,477.73,0,3,2,1,Triste,0,1,3,Azuay
2170,630.76,H,45,6,30,172,2627.1,0,3,1,3,Feliz,1,0,1,El  Oro
2171,"1.102,13",Hombre ,44,17,22,185,1071.07,1,1,1,5,Feliz,0,1,3,EL ORO
2172,  348,H,50,5,33,143,684.11,0,2,1,1,Feliz,0,0,0, El Oro
2173,"500,77",Mujer,99,12,8,160,661.41,0,2,2,3,Feliz,1,0,1,LOJA
2174,  443,MUJER ,32,14,12,230,200.48,1,1,2,4,Triste,1,1,2,LOJA
2175,s/i,HOMBRE,19,9,4,204,735.86,1,1,1,2,Triste,0,1,2,Guayas
2176,1325.37, Mujer,47,16,25,297,1650.59,0,3,2,1,Muy triste,1,1,1,Azuay
2177,"727,22",HOMBRE,42,5,25,200,3007.61,0,2,1,1,Normal,1,0,2, El Oro
2178,"1.168,80",MUJER ,18,13,0,215,3992.23,0,3,3,2,Feliz,1,0,0,el oro
2179,"517,91",mujer,40,15,19,118,,1,1,3,1,Triste,1,0,1, El Oro
2180,1034.76,M,22,14,2,211,1359.75,1,1,1,2,Muy feliz,1,0,1,AZUAY
2181,1368.17,M,24,17,2,204,3243.58,1,1,3,4,Feliz,1,0,0,El  Oro
2182,836.34,Hombre ,37,6,24,122,814.96,0,2,3,5,Normal,1,1,1,El Oro
2183,"628,74",MUJER ,39,15,19,121,842.86,0,3,2,5,Triste,1,1,2,AZUAY
2184,654.89,MUJER ,64,12,47,160,1979.2,0,3,1,2,Normal,1,1,2,El  Oro
2185,531.90,H,22,15,1,144,702.64,0,3,4,2,Normal,1,0,2,AZUAY
2186,  896,Mujer,99,14,1,205,2053.9,1,1,4,3,Feliz,1,1,3,AZUAY
2187,"531,41",H,57,99,44,201,1949.56,0,2,2,1,Feliz,1,0,1,LOJA
2188,1038.01,Mujer,54,11,37,199,4315.63,1,1,1,2,Feliz,1,1,2, El Oro
2189,424.19,Hombre ,49,99,35,171,1168.85,0,3,1,1,Feliz,1,1,2, El Oro
2190,1332.40,H,40,9,26,291,2275.53,0,2,2,4,Triste,1,1,0, El Oro
2191,"701,14",H,64,13,45,106,1854.32,1,1,1,1,Normal,1,1,1,AZUAY
2192,"181,36",HOMBRE,64,3,49,143,621.85,0,3,4,5,Normal,1,1,5,El  Oro
2193,  666,H,29,13,11,197,1948.13,0,2,1,1,Triste,1,0,0,el oro
2194,1021.48,Hombre,55,15,35,154,1134.07,0,2,1,3,Muy feliz,0,0,0,LOJA
2195,"646,11",hombre,52,14,31,134,2702.97,0,3,2,1,Feliz,1,0,1,El Oro
2196,561.18,M,59,7,46,182,920.39,0,3,2,1,Triste,1,1,0,Loja
2197,712.63,M,49,7,38,244,1448.46,0,3,3,1,Triste,0,1,1,El Oro
2198,912.96,MUJER ,59,15,39,141,2606.67,0,2,1,3,Feliz,1,0,2, El Oro
2199,"700,89",M,35,14,15,187,496.36,0,2,1,5,Normal,0,1,3, El Oro
2200,NA,hombre,37,18,13,199,1241.79,1,1,1,5,Feliz,1,0,3,AZUAY
2201,"758,29",M,44,17,22,157,2130.49,1,1,2,1,Triste,1,1,2, Loja
2202,"535,45",Hombre,27,10,11,149,3034.15,1,1,1,4,Feliz,0,1,2,EL ORO
2203,"1.072,99", Mujer,50,11,34,233,4224.92,0,3,1,3,Normal,0,1,4,LOJA
2204,"786,00",Hombre ,43,18,17,175,975.68,1,1,4,4,Feliz,1,0,2,El  Oro
2205,"683,65",hombre,23,13,5,240,505.43,1,1,3,3,Feliz,1,1,2,LOJA
2206,199.90,HOMBRE,18,7,4,40,2862.5,0,2,1,5,Feliz,0,0,0,LOJA
2207,  514,Hombre,50,8,34,115,1163.35,0,2,3,5,Normal,0,1,1,GUAYAS
2208,"477,72",MUJER ,59,10,43,129,485.72,0,3,2,3,Feliz,1,0,0,El Oro
2209,"529,20",mujer,33,11,14,161,1249.13,1,1,2,2,Normal,1,1,3,Azuay
2210,640.01,Hombre ,35,11,20,197,657.78,1,1,3,4,Feliz,0,0,0,LOJA
2211,"1.184,71",Hombre,35,13,16,167,4965.52,0,3,2,3,Feliz,1,0,1,El  Oro
2212,"881,96",Hombre ,58,11,39,213,1395.12,0,3,1,1,Muy triste,1,1,1,El  Oro
2213,"650,00",H,28,9,15,146,1334.91,0,3,1,2,Feliz,0,0,3,El  Oro
2214,1618.86,hombre,39,15,18,184,4662.51,0,2,4,2,Muy feliz,1,1,, El Oro
2215,"412,40",Hombre,52,5,38,125,1009.13,0,3,3,3,Muy feliz,0,1,2, El Oro
2216,1495.46,Hombre ,21,10,6,276,2383.87,0,2,3,3,Feliz,1,0,0, El Oro
2217,931.67,HOMBRE,64,6,47,158,4909.05,0,3,4,1,Normal,0,0,1,EL ORO
2218,616.88,Hombre,52,12,35,148,3765.3,1,1,1,5,Triste,1,0,2, El Oro
2219,"313,48",HOMBRE,28,99,12,140,236.22,1,1,2,4,Muy triste,1,0,1,el oro
2220,,HOMBRE,37,15,14,177,2128.91,1,1,1,4,Feliz,0,1,1,El  Oro
2221,491.74,Hombre ,19,13,1,165,1204.29,0,3,1,2,Muy feliz,1,0,0,AZUAY
2222,476.68,Mujer,64,7,49,207,4888.35,1,1,1,1,Muy triste,0,1,1, El Oro
2223,"1.145,46",Hombre ,49,12,29,163,1043.25,0,2,3,3,Normal,0,1,3,EL ORO
2224,997.17,HOMBRE,30,16,9,170,2731.59,1,1,1,5,Triste,1,0,0,AZUAY
2225,1113.65,H,55,11,39,189,1669.15,1,1,3,4,Normal,1,1,3,AZUAY
2226,NA,Mujer,30,10,15,209,523.1,0,2,2,4,Normal,0,0,1,el oro
2227,"1.070,16",H,41,12,27,100,2459.85,0,3,4,2,Muy feliz,1,1,3, El Oro
2228,"865,36",Mujer,58,14,40,189,1006.64,0,2,1,2,Muy feliz,1,1,0, El Oro
2229,953.82,mujer,18,13,0,217,4118.69,0,2,4,2,Muy triste,1,0,2,GUAYAS
2230,"363,01", Mujer,36,12,17,148,512.5,0,3,1,3,Feliz,1,1,2,guayas
2231,  445,mujer,25,13,3,157,4142.97,1,1,1,3,Muy triste,1,0,0,EL ORO
2232,  928,Hombre ,24,9,11,202,2698.76,0,2,3,4,Muy feliz,1,0,2,el oro
2233,366.40,M,18,4,5,158,456.08,0,2,1,4,Feliz,1,1,3,LOJA
2234,586.06,MUJER ,25,6,13,201,1030.33,0,2,1,1,Normal,1,0,0,El  Oro
2235,591.83, Mujer,45,10,30,219,2958.41,0,2,1,1,Normal,1,1,2,el oro
2236,641.69,Hombre ,56,9,41,104,4452.29,0,2,2,5,Feliz,0,1,2,guayas
2237,"638,98",H,63,16,39,128,1453.02,1,1,2,5,Normal,0,1,1, Loja
2238,404.34, Mujer,18,5,3,206,1284.85,0,2,2,4,Muy triste,0,0,0, El Oro
2239,"629,16",Hombre ,61,10,44,245,550.46,1,1,2,3,Normal,1,1,2,El Oro
2240,"667,48",MUJER ,49,11,33,267,1392.94,1,1,1,5,Muy feliz,1,0,2,el oro
2241,"560,20",hombre,45,13,24,271,488.45,0,3,1,2,Normal,1,1,2,Loja
2242,"259,49",H,33,8,19,183,,1,1,1,1,Normal,1,1,0,El  Oro
2243,"428,51",Mujer,19,7,5,197,1011.97,1,1,3,1,Feliz,1,0,2,El  Oro
2244,991.77,Hombre,52,99,33,193,400.21,1,1,3,4,Muy feliz,1,1,2,Azuay
2245,565.03,hombre,25,11,7,134,903.24,0,3,4,2,Normal,0,1,1,Loja
2246,362.15,mujer,58,6,43,166,657.77,0,3,2,4,Feliz,0,0,2,El  Oro
2247,859.78,mujer,48,18,22,141,1769.48,1,1,1,5,Muy feliz,0,0,0, El Oro
2248,408.35,MUJER ,64,8,49,209,1954.36,0,2,1,3,Normal,0,1,3, El Oro
2249,"1.508,97",H,61,15,41,141,2544.34,1,1,2,1,Muy feliz,1,1,2,EL ORO
2250,709.00,Mujer,61,13,43,183,1702.88,1,1,1,4,Normal,1,0,2,El Oro
2251,"445,94",M,41,9,27,135,1468.42,0,2,2,1,Normal,0,1,1,El Oro
2252,"281,68",M,43,10,26,115,1282.76,1,1,1,4,Triste,0,1,0,Guayas
2253,864.51, Mujer,48,11,32,173,1238.04,1,1,2,4,Normal,1,1,3,AZUAY
2254,  413, Mujer,52,12,36,76,1044.78,0,3,3,2,Muy triste,1,0,0,El Oro
2255,932.22,mujer,99,14,18,235,1595.62,0,2,1,5,Normal,1,1,3, El Oro
2256,  465,hombre,50,13,32,183,1032.56,1,1,3,3,Triste,1,1,3,guayas
2257,s/i,Hombre ,41,10,24,143,2850.89,1,1,3,2,Triste,1,1,0,El Oro
2258,808.47,hombre,61,18,39,202,538.36,0,3,3,5,Normal,1,0,3, El Oro
2259,909.95,HOMBRE,34,15,13,162,1856.06,0,3,1,2,Feliz,1,1,2,Loja
2260,"564,17",MUJER ,33,9,18,155,1353.97,0,2,3,2,Triste,0,1,2, El Oro
2261,"1.077,20", Mujer,52,10,36,214,1420.84,0,3,2,2,Normal,0,1,2,Loja
2262,693.74,MUJER ,57,13,38,233,1165.98,1,1,2,1,Feliz,0,0,2,GUAYAS
2263,"948,22",H,21,11,5,165,524.89,1,1,4,5,Normal,0,0,1, El Oro
2264,  564,Hombre ,22,11,5,130,1394.84,0,2,1,1,Normal,1,0,0, El Oro
2265,979.27,HOMBRE,63,18,38,170,285,1,1,1,4,Normal,1,1,0,AZUAY
2266,"645,42",MUJER ,57,15,39,189,1099.86,0,3,1,5,Feliz,1,1,2,El Oro
2267,"625,04",H,44,6,27,259,819.91,1,1,1,5,Feliz,1,1,2, El Oro
2268,1624.43,HOMBRE,28,17,6,244,2116.69,1,1,3,5,Muy feliz,1,0,, El Oro
2269,  1157,Hombre ,29,14,11,145,1660.34,1,1,1,3,Normal,1,0,1,el oro
2270,  864,M,63,15,44,248,1258.03,1,1,2,3,Muy feliz,1,0,2,el oro
2271,  761,Hombre ,59,5,46,137,8600.98,0,2,3,3,Normal,1,0,1,EL ORO
2272,"554,69",MUJER ,65,13,46,92,11455.9,0,2,1,3,Normal,1,1,3,El Oro
2273,531.10,Mujer,31,7,17,185,1904.87,0,2,1,2,Muy feliz,0,1,2,AZUAY
2274,"827,83",Mujer,32,13,13,208,811.77,0,3,3,4,Muy feliz,0,0,0,guayas
2275,  662,MUJER ,38,12,21,179,6326.39,1,1,1,2,Muy triste,1,0,1,EL ORO
2276,1035.92,H,39,14,20,265,452.65,1,1,2,3,Normal,1,1,0, El Oro
2277,496.17,H,59,8,,155,650.95,0,2,1,3,Triste,1,1,0,el oro
2278,650.01,HOMBRE,27,8,8,201,1798.58,0,2,1,3,Triste,1,1,2,Azuay
2279,"921,61", Mujer,21,16,0,234,710.01,0,3,1,2,Triste,1,0,2,El Oro
2280,"660,94",hombre,23,99,5,160,,1,1,3,1,Feliz,1,0,0,AZUAY
2281,501.38,M,35,12,17,179,1123.21,1,1,2,3,Triste,0,1,1,Loja
2282,1318.10,Hombre,34,16,13,180,2242.86,1,1,1,5,Muy feliz,1,0,1,el oro
2283,  403,MUJER ,49,9,35,158,1444.33,1,1,2,2,Triste,1,1,3,EL ORO
2284,"717,80",MUJER ,20,14,0,217,1464.67,1,1,2,5,Muy triste,1,1,2,guayas
2285,406.20,Hombre,19,14,0,160,231.31,1,1,2,5,Normal,0,1,1,Azuay
2286,385.42,hombre,35,10,21,80,2836.97,0,2,1,3,Triste,0,1,2, El Oro
2287,"893,34",Hombre ,38,9,23,237,2407.38,0,2,1,2,Triste,0,0,0,Azuay
2288,"1.089,71",H,36,17,17,183,1984.36,0,3,1,5,Feliz,1,1,2,GUAYAS
2289,843.62,Hombre ,56,15,35,164,681.98,0,3,1,3,Feliz,1,1,2,El  Oro
2290,,H,22,11,6,201,3176.45,1,1,3,2,Triste,0,1,4,Azuay
2291,"528,86",HOMBRE,41,8,25,157,933.14,1,1,1,4,Normal,1,1,2,EL ORO
2292,"809,02",Hombre,51,16,30,118,3503.58,1,1,2,3,Muy feliz,1,1,,El Oro
2293,"504,90",mujer,36,5,20,140,,0,3,4,1,Feliz,1,0,2,El Oro
2294,"702,71",Hombre,49,11,33,157,1704.47,1,1,2,3,Muy feliz,1,1,2,El Oro
2295,571.28,M,30,13,12,141,1373.95,0,3,2,4,Normal,1,0,, El Oro
2296,"868,34",hombre,50,10,35,178,1515.62,1,1,2,3,Normal,1,1,2,GUAYAS
2297,619.82, Mujer,45,16,22,184,356.37,0,3,2,4,Feliz,1,0,2,El  Oro
2298,,mujer,23,14,2,225,718.53,0,2,1,4,Feliz,1,0,2, El Oro
2299,"614,63",Mujer,30,9,16,177,1599.04,0,2,2,1,Normal,1,1,0, El Oro
2300,  1060,H,32,17,8,165,632.61,0,3,2,4,Feliz,1,0,0,Azuay
2301,857.15,mujer,56,13,37,172,1918.88,0,3,1,1,Normal,1,1,2,el oro
2302,1100.64, Mujer,48,12,28,88,2836.22,1,1,3,5,Muy feliz,0,0,0,EL ORO
2303,952.19,H,34,14,11,180,2451.96,0,3,1,4,Normal,1,1,5,El  Oro
2304,  447,M,24,3,8,190,921.65,0,3,3,4,Normal,1,0,0,El Oro
2305,  697,MUJER ,22,10,5,145,1157.49,1,1,1,1,Muy feliz,0,0,0,EL ORO
2306,  602,Hombre,33,11,16,152,768.48,0,2,2,3,Triste,1,0,1,LOJA
2307,"402,52",Hombre,27,13,6,112,679.8,1,1,3,4,Muy triste,1,1,2,El  Oro
2308,159.71, Mujer,22,2,7,68,1121.83,0,2,1,4,Muy triste,1,1,1,El Oro
2309,"289,52",hombre,23,8,9,168,491.05,0,2,1,5,Muy triste,0,0,1, Loja
2310,  774,MUJER ,24,15,2,136,2455.29,0,2,1,4,Triste,1,0,0,LOJA
2311,452.33,hombre,21,6,7,105,1790.13,1,1,2,4,Normal,1,1,2,El Oro
2312,"1.086,90",hombre,21,9,8,999,2479.99,0,3,2,1,Muy triste,1,0,2,Azuay
2313,788.78,hombre,40,15,22,185,4156.9,0,2,2,4,Triste,1,0,0,Loja
2314,485.10,MUJER ,51,8,37,207,415.87,1,1,2,3,Triste,1,1,3, Loja
2315,779.13,Hombre ,39,17,18,135,793.16,1,1,2,3,Muy feliz,1,1,2,el oro
2316,"1.290,54",Hombre,53,15,32,212,963.07,0,3,2,3,Triste,1,1,1,EL ORO
2317,"390,32",Mujer,32,17,10,160,1917.13,1,1,1,2,Triste,0,1,1,El  Oro
2318,983.44,mujer,42,15,21,103,5547.86,0,3,2,5,Normal,1,0,0,el oro
2319,"396,61", Mujer,32,11,15,171,255.72,0,3,4,2,Muy triste,1,1,3,El  Oro
2320,523.58,Hombre,20,15,0,113,1917.88,1,1,1,4,Normal,0,0,2, El Oro
2321,726.77,M,18,13,0,181,2496.16,0,3,1,3,Triste,0,0,1, El Oro
2322,s/i,HOMBRE,61,8,46,192,1559.15,1,1,1,2,Muy triste,1,1,3,Guayas
2323,,H,41,12,23,175,897.27,1,1,1,4,Normal,1,0,1,El  Oro
2324,  186,Hombre,38,1,26,123,1799.84,0,2,2,1,Triste,0,0,0,El Oro
2325,"518,71",M,32,10,17,140,329.62,1,1,2,3,Triste,0,1,2,el oro
2326,"1.088,62",hombre,52,15,34,170,1474.47,1,1,2,4,Normal,0,1,2,El Oro
2327,s/i, Mujer,44,16,23,124,4669.41,0,3,2,3,Muy feliz,0,1,0,EL ORO
2328,"675,19",H,50,16,29,182,3196.91,1,1,1,4,Muy feliz,1,1,5,el oro
2329,507.34,H,18,13,0,145,1256.26,1,1,1,1,Feliz,1,0,0,el oro
2330,  672,H,31,11,13,175,634.18,0,2,1,3,Normal,0,0,0,Loja
2331,"349,66",hombre,47,15,24,89,987.88,1,1,1,2,Feliz,1,1,3,Loja
2332,  536,Hombre,52,10,33,198,569.93,0,2,1,4,Normal,1,1,2,AZUAY
2333,640.96, Mujer,27,11,11,124,4351.83,0,2,1,3,Feliz,1,0,1,EL ORO
2334,,Hombre ,29,10,13,250,629.69,1,1,1,3,Muy feliz,1,1,1,AZUAY
2335,,HOMBRE,27,19,1,145,1060.09,0,3,4,1,Feliz,0,0,1,EL ORO
2336,509.00,M,19,12,0,203,440.89,1,1,1,3,Feliz,1,0,0,EL ORO
2337,1236.97,M,23,14,3,225,1548.23,1,1,1,3,Feliz,1,0,0,Guayas
2338,"470,73",mujer,39,7,26,149,1804.28,0,3,2,1,Normal,1,1,0,Guayas
2339,343.23,MUJER ,19,12,2,157,1037.65,1,1,1,4,Muy feliz,1,1,2,el oro
2340,  440,Mujer,55,3,41,219,1709.15,0,3,4,4,Feliz,1,1,0,El Oro
2341,"477,06",Hombre,18,11,1,201,511.51,1,1,2,2,Feliz,1,1,1, El Oro
2342,"557,28",H,99,13,5,148,989.33,1,1,1,3,Muy triste,0,1,3, El Oro
2343,490.82,MUJER ,47,13,29,178,67.24,0,3,4,1,Normal,0,1,2,GUAYAS
2344,  1697,mujer,62,17,39,208,3873.42,0,2,3,2,Normal,1,1,3,Loja
2345,"996,00",Hombre,28,11,11,138,1028.93,0,2,3,3,Triste,0,0,0, El Oro
2346,"1.153,39",Mujer,44,11,26,204,2311.8,1,1,3,2,Normal,1,0,0,el oro
2347,NA,H,49,9,32,211,501.48,0,2,4,1,Normal,0,1,1,LOJA
2348,570.59,Hombre,49,6,34,103,1924.33,1,1,1,3,Triste,0,1,3,EL ORO
2349,647.44,Hombre,25,13,9,196,916.13,1,1,2,3,Muy feliz,0,0,2,El Oro
2350,"494,00",H,35,6,18,153,2435.37,0,2,2,1,Muy triste,1,1,0, El Oro
2351,  237,HOMBRE,18,8,0,72,1178.31,0,2,1,4,Triste,1,0,2, El Oro
2352,  475,Hombre,48,6,35,78,2065.71,0,3,4,2,Feliz,0,1,3,el oro
2353,493.79,Hombre ,21,11,3,193,,0,2,3,5,Muy triste,0,0,0, El Oro
2354,"381,52",mujer,28,9,11,74,302,1,1,2,4,Muy feliz,1,1,3, El Oro
2355,  554,mujer,58,14,36,77,723.98,1,1,3,3,Normal,1,1,0,El Oro
2356,496.22,M,35,17,9,214,441.22,0,2,1,4,Triste,0,1,2,El Oro
2357,"515,83",hombre,61,16,38,138,1102.09,1,1,1,4,Normal,1,0,0,el oro
2358,"1.333,55", Mujer,40,13,,109,3787.25,1,1,2,3,Muy feliz,1,1,1,El  Oro
2359,"1.165,85",H,42,15,20,126,11001.66,0,3,1,4,Normal,0,1,2,guayas
2360,  496,mujer,39,18,13,158,269.64,1,1,1,3,Normal,0,1,3,guayas
2361,"1.542,60",HOMBRE,53,14,32,211,2016.43,0,2,2,4,Triste,1,1,1,guayas
2362,"561,95",MUJER ,36,9,22,154,1666.41,1,1,1,4,Normal,1,0,0,El Oro
2363,548.32,Hombre,23,13,5,113,2649.43,0,2,2,3,Normal,1,1,2,EL ORO
2364,129.25,M,50,6,35,95,1107.7,0,2,1,3,Muy triste,1,1,1,El Oro
2365,658.35,Hombre ,25,10,5,241,219.87,1,1,4,4,Feliz,0,1,2,Guayas
2366,  820,HOMBRE,63,99,42,111,1409.06,1,1,2,2,Triste,0,1,4, Loja
2367,1091.71,HOMBRE,63,10,49,206,1173.24,0,2,2,1,Muy feliz,1,0,1,Azuay
2368,"999,44",MUJER ,37,10,20,157,1686.42,0,2,1,1,Muy feliz,1,0,1,AZUAY
2369,"455,59",Hombre ,52,11,34,129,625.59,0,2,2,2,Feliz,1,1,2,El Oro
2370,"1.022,94",Hombre ,31,5,16,183,8472.17,1,1,2,5,Muy feliz,1,1,3,El  Oro
2371,438.94, Mujer,28,13,13,105,1222.54,1,1,1,5,Normal,1,1,4, El Oro
2372,785.52,M,35,13,16,193,616.51,0,2,3,2,Normal,1,0,1,El  Oro
2373,428.97,hombre,30,6,16,178,891.38,0,2,3,4,Muy triste,0,0,2,EL ORO
2374,"690,42",M,18,13,0,165,1168.9,1,1,4,2,Feliz,0,1,2,EL ORO
2375,1986.73,mujer,38,17,15,999,1074.31,1,1,1,1,Muy feliz,0,0,0,El Oro
2376,"915,69",hombre,55,14,37,130,2835.88,0,3,1,4,Triste,0,0,0,AZUAY
2377,"553,06",Hombre ,60,16,37,88,259.38,1,1,3,1,Triste,1,0,1,El  Oro
2378,"506,47",MUJER ,46,11,28,180,737.51,1,1,2,1,Normal,0,1,1,El Oro
2379,"1.189,92",Mujer,45,14,27,163,1573.18,0,3,4,1,Triste,1,1,4,EL ORO
2380,NA,Hombre ,60,8,41,44,2258.08,0,3,1,2,Triste,1,0,0,AZUAY
2381,"679,75",Mujer,43,20,17,201,979.27,1,1,2,3,Muy feliz,1,1,1,El  Oro
2382,1401.57,H,55,12,37,162,2040.16,0,3,4,5,Feliz,0,0,1, El Oro
2383,  741,M,35,15,17,110,1387.09,1,1,4,3,Feliz,0,1,1,El  Oro
2384,  1442,M,18,13,0,184,1239.1,1,1,3,1,Normal,1,1,2,El Oro
2385,"537,56",M,22,15,1,199,604.82,1,1,2,5,Feliz,1,1,2, El Oro
2386,  356,mujer,30,9,16,228,705.64,0,3,1,1,Normal,1,0,1,El  Oro
2387,"637,70",MUJER ,55,7,38,999,969.16,0,2,3,4,Feliz,0,1,3,AZUAY
2388,  702,Mujer,21,13,1,125,1374.46,1,1,4,4,Muy triste,0,1,2,Azuay
2389,  920,Hombre ,31,10,13,157,2965.74,0,2,3,3,Normal,1,1,1, El Oro
2390,"991,78",Hombre ,29,19,3,246,1347.89,1,1,1,5,Feliz,1,0,0,Guayas
2391,"748,70",Mujer,61,14,41,209,639.52,0,3,1,3,Normal,0,1,1, El Oro
2392,"877,67",MUJER ,30,19,6,167,970.59,1,1,3,2,Normal,1,0,2,El Oro
2393,910.02,Hombre,27,14,7,151,1108.21,1,1,4,3,Muy feliz,1,1,2,El  Oro
2394,  736, Mujer,20,9,6,233,690.54,1,1,3,2,Feliz,0,1,2,El Oro
2395,"671,16",H,25,7,14,125,452.28,1,1,3,4,Triste,0,0,,EL ORO
2396,839.70,hombre,45,12,26,202,1045.96,1,1,1,3,Feliz,1,1,3, El Oro
2397,"604,28",Hombre,49,7,38,144,1001.28,0,2,2,4,Feliz,0,0,0,EL ORO
2398,470.67,HOMBRE,45,19,20,124,436.64,1,1,2,1,Normal,0,0,1,El  Oro
2399,s/i,Hombre,27,20,0,229,853.58,1,1,2,1,Muy feliz,1,0,2,AZUAY
2400,982.74,H,25,13,6,127,3725.22,0,3,1,3,Triste,1,1,1,el oro
2401,"1.254,98",mujer,21,16,0,198,1780.56,0,3,3,4,Muy feliz,1,0,0,El Oro
2402,325.06,Hombre,49,11,34,206,441.08,1,1,1,3,Triste,1,1,4, El Oro
2403,"644,56",Hombre,22,3,10,196,1568.26,0,2,3,3,Muy feliz,1,0,0,Azuay
2404,717.45,HOMBRE,19,5,5,215,3057.69,0,2,4,2,Feliz,1,0,0,El  Oro
2405,524.98,H,54,9,39,179,983.01,0,3,2,1,Muy triste,1,1,3,Azuay
2406,344.06,Mujer,26,18,2,153,243.06,0,2,2,5,Muy feliz,0,1,1,el oro
2407,"199,13", Mujer,58,9,44,129,196.89,1,1,1,4,Muy triste,0,1,4,El  Oro
2408,"1.342,23",hombre,34,12,17,158,1574.9,0,3,3,3,Muy feliz,0,1,0,el oro
2409,,Hombre,28,7,11,204,2246.14,0,2,1,1,Muy feliz,1,0,1,el oro
2410,426.29,Mujer,36,5,21,176,910.41,0,3,1,1,Normal,1,1,4, El Oro
2411,654.52,Hombre,20,12,2,167,860.09,0,2,4,3,Feliz,1,0,1,Loja
2412,  425,HOMBRE,37,11,22,159,168.52,1,1,1,1,Triste,0,1,1,EL ORO
2413,"516,75",hombre,33,12,16,79,1884.37,0,2,1,4,Triste,0,1,3, Loja
2414,"1.206,36",mujer,36,19,13,174,655.92,0,3,4,4,Normal,1,0,1,LOJA
2415,605.79,HOMBRE,19,14,0,227,1331.12,1,1,1,5,Normal,1,1,3,Azuay
2416,756.75,mujer,51,7,37,180,2665.81,0,2,3,2,Triste,0,0,3, El Oro
2417,"1.009,98",H,20,14,0,126,2793.04,0,3,2,3,Feliz,1,0,0,Guayas
2418,"598,11",H,25,12,5,223,961.38,0,2,1,3,Normal,1,0,0, El Oro
2419,"303,69",mujer,23,3,8,161,905.38,0,2,1,3,Muy triste,1,1,3,EL ORO
2420,"450,14",hombre,36,14,16,241,398.91,1,1,1,3,Muy triste,1,0,3,Azuay
2421,"527,84",Hombre,54,12,37,106,2210.51,0,2,2,3,Muy feliz,1,0,3,guayas
2422,"804,11",HOMBRE,22,12,4,199,1562.02,0,3,1,1,Normal,1,0,1,Azuay
2423,404.02,mujer,57,15,37,156,365.11,0,2,1,4,Muy feliz,0,1,3,el oro
2424,816.30,Hombre,64,13,43,172,2717.41,0,3,1,3,Muy triste,0,1,3,El Oro
2425,838.40,hombre,56,11,41,171,853.75,1,1,2,5,Normal,1,0,0, El Oro
2426,  1150, Mujer,36,20,14,146,609.99,0,2,3,4,Triste,1,0,0,Loja
2427,"395,45",Hombre ,38,10,23,125,484.1,0,2,4,5,Normal,0,1,4,El  Oro
2428,1089.74,hombre,18,13,0,207,5110.32,1,1,3,4,Muy feliz,1,1,1,EL ORO
2429,"517,97", Mujer,25,10,8,140,334.2,0,2,3,4,Feliz,1,0,1,LOJA
2430,s/i,hombre,36,20,12,138,1781.19,1,1,1,3,Muy feliz,0,0,1,GUAYAS
2431,"726,42",HOMBRE,39,10,22,146,1189.72,1,1,1,5,Feliz,1,1,2,El  Oro
2432,792.34,Mujer,23,17,0,218,788.04,0,2,1,3,Feliz,1,0,1,El Oro
2433,"1.073,82", Mujer,47,5,31,184,2481.92,0,2,2,3,Muy feliz,1,0,1,El  Oro
2434,,Mujer,56,8,41,156,2531.43,0,3,1,4,Normal,1,1,,El Oro
2435,622.31,HOMBRE,61,13,44,139,337.73,0,2,2,1,Muy feliz,1,1,2,Azuay
2436,"325,31",mujer,25,11,9,157,247.47,0,2,1,4,Normal,1,0,2,Azuay
2437,"801,75",mujer,37,99,15,109,1148.92,1,1,4,3,Feliz,0,0,2,GUAYAS
2438,496.93,Hombre,48,7,31,142,3166.98,1,1,1,3,Triste,1,1,4,guayas
2439,896.09,H,23,14,4,162,1871.65,1,1,2,4,Muy triste,1,1,2,el oro
2440,s/i,Hombre ,49,16,30,186,546.18,1,1,1,3,Muy feliz,1,1,2,LOJA
2441,939.53,MUJER ,23,14,4,155,1449.88,0,2,3,2,Muy feliz,1,0,3,El Oro
2442,"456,78", Mujer,41,11,,161,3249.61,1,1,1,5,Normal,1,1,4,GUAYAS
2443,428.16,Hombre ,64,11,47,156,1192.6,1,1,1,1,Normal,1,0,1,Azuay
2444,"787,93",Hombre ,35,99,14,171,1938.15,1,1,1,4,Muy feliz,0,0,0,el oro
2445,"1.017,20",M,49,13,31,228,1126.72,1,1,4,1,Muy feliz,1,1,3,Azuay
2446,578.55,HOMBRE,24,14,7,190,388.67,0,3,2,5,Triste,1,0,1,El Oro
2447,492.42,mujer,65,17,43,90,487.43,1,1,3,3,Muy triste,0,0,1,el oro
2448,754.93,mujer,23,7,11,238,886.89,0,2,1,5,Muy triste,1,1,2,EL ORO
2449,664.35,Mujer,34,15,13,176,531.44,0,2,2,4,Muy feliz,0,1,3,El  Oro
2450,1079.15,MUJER ,24,19,1,151,929.06,1,1,4,4,Normal,1,1,0,El  Oro
2451,753.74,Hombre,43,18,21,173,587.98,0,3,2,4,Normal,1,1,2,GUAYAS
2452,  681,HOMBRE,52,16,32,99,822.05,0,2,4,3,Normal,1,0,1,El Oro
2453,,mujer,53,18,30,167,3187.65,0,3,3,3,Normal,0,1,3,EL ORO
2454,328.17,mujer,30,7,18,245,299.55,0,2,1,3,Triste,1,0,1, El Oro
2455,,hombre,29,12,15,279,2484.02,0,2,2,2,Muy feliz,1,0,1,Guayas
2456,"759,74",Hombre ,41,14,20,128,1180.45,0,2,2,5,Normal,1,0,0,El Oro
2457,"335,81",MUJER ,37,10,20,204,533.39,1,1,1,4,Triste,0,1,4,El  Oro
2458,NA,hombre,33,13,14,162,1432.75,1,1,1,4,Feliz,1,1,2, El Oro
2459,"687,86",mujer,19,14,0,198,973.32,1,1,1,5,Feliz,1,0,1, El Oro
2460,"636,76",Hombre ,99,6,19,135,2464.41,1,1,1,1,Normal,1,1,2,AZUAY
2461,  161,MUJER ,37,4,23,999,155.84,0,3,2,3,Muy feliz,1,1,3,GUAYAS
2462,621.82,mujer,30,13,10,102,2199.41,0,2,2,1,Normal,0,0,0,guayas
2463,"516,33",Hombre ,43,1,33,93,4807.09,0,2,3,4,Normal,0,0,0,El Oro
2464,  532,hombre,21,13,1,187,557.27,1,1,1,2,Feliz,0,0,0, El Oro
2465,536.23,HOMBRE,24,9,9,144,972.79,1,1,2,3,Triste,0,0,2,El Oro
2466,"1.867,72",H,29,17,3,235,1454.52,0,2,3,1,Muy triste,1,0,0,AZUAY
2467,"206,06",H,29,7,14,189,498.69,0,2,1,2,Triste,0,0,0,AZUAY
2468,634.58,Hombre,40,14,21,133,1372.05,1,1,4,4,Feliz,1,1,2,Azuay
2469,773.45,MUJER ,36,9,19,191,996.89,0,3,3,4,Feliz,1,0,0,Azuay
2470,  872,H,39,12,22,138,1170.61,0,3,3,1,Triste,0,1,0,el oro
2471,297.34,M,30,7,,97,2511.4,0,2,1,2,Triste,0,0,0,guayas
2472,, Mujer,20,14,0,155,3314.38,0,2,2,4,Feliz,1,0,0,el oro
2473,"443,66",M,35,8,21,164,434.97,0,3,1,5,Normal,1,0,1,El Oro
2474,615.66,HOMBRE,45,17,22,155,852.51,1,1,2,2,Triste,1,1,0,El Oro
2475,425.82, Mujer,20,11,7,197,1551.86,1,1,2,5,Normal,1,0,0,EL ORO
2476,1033.54,Hombre ,56,18,30,161,420.86,1,1,3,2,Normal,1,0,1,EL ORO
2477,564.88,Mujer,20,15,0,127,1465.02,0,2,2,5,Triste,1,0,0,Loja
2478,  1064,Hombre ,56,7,43,197,7297.95,0,3,4,1,Feliz,0,1,1,EL ORO
2479,"749,31",HOMBRE,47,15,27,142,465.48,1,1,2,5,Feliz,1,1,2,AZUAY
2480,1108.76,M,33,14,14,233,1217.76,1,1,2,2,Muy feliz,0,1,2,El  Oro
2481,420.30,mujer,19,11,0,136,1035.17,0,2,1,5,Muy triste,0,1,1,EL ORO
2482,  439, Mujer,19,11,2,254,533.93,1,1,1,3,Triste,1,1,2,El  Oro
2483,517.23,M,20,14,2,123,1121.57,1,1,3,3,Muy triste,1,0,1,EL ORO
2484,"1.210,65",hombre,25,13,8,175,3174.84,1,1,1,4,Feliz,1,1,3,EL ORO
2485,  446,H,23,18,2,93,990.03,1,1,1,3,Normal,0,0,0,El Oro
2486,353.39,H,31,7,17,112,841.22,0,3,3,3,Feliz,1,0,1,EL ORO
2487,"333,01",H,36,10,22,95,437.18,1,1,1,1,Muy feliz,1,1,1,guayas
2488,,HOMBRE,18,5,1,162,2824.16,1,1,1,5,Triste,1,1,4,Loja
2489,"1.263,07",mujer,47,16,23,172,5877.66,1,1,1,3,Muy feliz,0,1,2,El Oro
2490,895.85,Hombre ,32,8,19,179,2237.8,0,3,3,1,Feliz,1,1,2,EL ORO
2491,455.36,M,28,6,15,203,1852.42,0,3,2,4,Feliz,1,0,0,EL ORO
2492,811.57,hombre,59,17,36,165,1056.43,1,1,1,1,Muy feliz,0,1,4,AZUAY
2493,"707,70",H,18,13,0,183,1867.87,1,1,1,4,Normal,1,0,1,LOJA
2494,"799,82",Hombre ,36,12,18,166,1507.92,0,2,3,1,Triste,1,1,2, El Oro
2495,1024.60,HOMBRE,41,16,17,133,6318.67,1,1,1,1,Normal,0,1,2,el oro
2496,236.31,hombre,58,6,41,100,994.75,1,1,1,1,Triste,1,1,4,Loja
2497,552.02,H,24,10,8,138,465.14,0,3,3,1,Normal,0,0,2,Loja
2498,"472,29",mujer,33,15,9,182,672.74,0,2,1,4,Muy feliz,1,1,4,El Oro
2499,"907,65",HOMBRE,47,4,31,190,2423.24,0,3,2,4,Normal,0,0,2,el oro
2500,NA,Hombre,19,14,0,225,1277.31,1,1,2,1,Normal,1,1,3,El Oro
2501,516.91,hombre,60,10,43,247,528.02,1,1,1,4,Muy triste,1,1,2,el oro
2502,  792,Hombre ,28,12,8,177,1388.99,0,3,2,3,Normal,1,0,0,Loja
2503,862.89,MUJER ,32,17,8,134,3942.01,0,2,1,3,Feliz,1,1,3,guayas
2504,"1.058,02",H,35,12,17,229,273.4,0,2,2,5,Normal,0,1,3,el oro
2505,584.64,Hombre ,39,9,22,158,1120.43,0,2,2,3,Triste,1,0,2, El Oro
2506,s/i,H,18,13,0,254,1168.88,1,1,1,4,Muy triste,1,1,, El Oro
2507,818.33,MUJER ,62,12,44,173,1366.93,0,2,1,3,Normal,1,0,2,LOJA
2508,937.19,H,34,15,17,208,728.02,0,2,4,3,Muy feliz,1,1,1,el oro
2509,"398,64",HOMBRE,41,13,22,169,254.03,1,1,1,3,Normal,1,0,0,GUAYAS
2510,803.04,Hombre ,21,8,8,208,422.7,1,1,3,1,Triste,0,1,0,Guayas
2511,341.86,H,60,8,45,109,1210.88,0,2,1,1,Feliz,1,0,0,el oro
2512,  428,M,18,7,5,158,1151.9,0,2,4,1,Muy triste,1,1,1,GUAYAS
2513,825.62,hombre,48,19,24,86,1743.66,1,1,1,1,Muy feliz,0,1,1,el oro
2514,"729,32",MUJER ,47,10,33,241,700.26,1,1,1,1,Normal,1,0,3,Guayas
2515,726.89,Hombre ,37,18,14,159,997.92,0,2,2,1,Feliz,1,0,0,El  Oro
2516,  767,MUJER ,44,10,26,251,1524.41,0,3,1,3,Normal,1,1,2,Azuay
2517,  405, Mujer,24,9,8,165,1851.52,1,1,1,1,Triste,1,1,3,EL ORO
2518,1076.27, Mujer,99,13,38,290,3452.16,0,3,2,4,Normal,1,1,4,El Oro
2519,"1.075,23",Hombre,27,15,5,230,913.55,1,1,3,4,Muy feliz,1,1,1,el oro
2520,857.84,Hombre,30,13,13,151,4196.65,0,2,2,4,Muy feliz,0,0,1,AZUAY
2521,2285.55, Mujer,56,15,33,197,3790.71,1,1,1,1,Normal,0,0,0,El Oro
2522,1711.31,MUJER ,37,14,15,192,2421.16,1,1,1,3,Feliz,0,1,0,el oro
2523,"665,52",mujer,33,11,15,164,2611.47,0,2,2,4,Normal,1,1,1,Azuay
2524,,Mujer,19,14,0,219,5490.52,0,2,1,4,Feliz,0,1,2,El Oro
2525,310.22,H,23,16,1,85,880.23,1,1,1,2,Muy feliz,0,0,,EL ORO
2526,496.50,HOMBRE,37,7,21,90,3784.85,1,1,4,3,Muy feliz,1,0,,El  Oro
2527,1209.61,mujer,47,15,27,239,2269.39,0,3,1,4,Triste,1,0,0,Azuay
2528,"499,36",Mujer,35,12,18,128,2257.28,0,3,1,4,Normal,1,0,0,El Oro
2529,628.61,H,59,8,43,130,1687.08,0,2,1,3,Triste,1,0,1, Loja
2530,613.97,M,18,13,0,87,935.71,0,2,2,3,Normal,1,0,2,guayas
2531,313.01,mujer,30,11,14,139,1580.15,0,2,1,4,Triste,0,0,0, El Oro
2532,"232,19",mujer,18,99,3,95,1348.43,0,2,3,3,Normal,1,0,0,Guayas
2533,"358,08",MUJER ,20,8,5,159,1081.58,0,3,1,5,Normal,1,0,0,El  Oro
2534,"1.651,08",hombre,36,15,17,192,1099.55,1,1,2,2,Feliz,1,1,0,El Oro
2535,312.91,Hombre ,55,6,39,140,1386.32,0,3,1,1,Normal,1,1,2,Azuay
2536,"479,15",H,36,7,23,208,1046.9,0,2,2,3,Normal,0,1,1, El Oro
2537,665.73,Hombre ,31,14,13,138,1180.34,0,3,2,3,Triste,1,0,0,EL ORO
2538,"633,64",M,25,15,4,123,974.72,1,1,1,3,Triste,0,1,2, Loja
2539,414.48,hombre,54,3,39,228,1026.41,1,1,2,1,Feliz,0,1,1,el oro
2540,774.37,HOMBRE,46,13,26,142,1837.73,1,1,1,2,Muy triste,1,1,1,Guayas
2541,"688,51",Mujer,99,14,33,80,2312.27,1,1,2,3,Muy feliz,1,0,0,EL ORO
2542,  637,Hombre,59,15,,152,842.05,0,3,1,5,Muy feliz,1,1,3,Azuay
2543,863.14,Hombre ,60,13,41,154,1501.49,0,2,1,3,Feliz,1,0,0, Loja
2544,"882,53",HOMBRE,35,11,21,122,2862.48,0,2,3,3,Normal,0,0,2,EL ORO
2545,762.93,Hombre ,40,14,22,97,445.22,1,1,4,4,Normal,0,0,1,El  Oro
2546,617.35,M,38,14,,172,1315.8,0,2,1,4,Feliz,1,0,0,El Oro
2547,"1.001,02",Hombre,51,13,32,193,511.13,0,2,1,4,Muy triste,1,1,2,el oro
2548,,M,20,15,0,157,1478.05,1,1,2,4,Feliz,0,0,3,EL ORO
2549,617.59,Hombre ,33,7,17,140,2589.2,0,2,1,1,Normal,1,1,1, El Oro
2550,  947,Hombre,31,16,7,262,1039.13,1,1,1,4,Triste,1,1,2,el oro
2551,,hombre,64,12,48,234,,0,3,2,1,Normal,1,1,1,El Oro
2552,"802,49", Mujer,36,11,19,141,741.24,0,2,4,4,Normal,1,1,0,guayas
2553,1369.57,Hombre ,59,20,33,132,1502.04,0,3,4,5,Triste,0,1,2,LOJA
2554,629.60,Hombre,58,5,41,186,2211.9,0,2,2,2,Feliz,1,1,3,EL ORO
2555,,hombre,65,15,,135,640.99,0,2,3,5,Feliz,1,1,2, Loja
2556,"568,85",H,60,11,45,229,1510.01,1,1,1,3,Muy feliz,1,0,1,El Oro
2557,472.93,Hombre,38,2,21,117,5266.53,0,2,1,3,Muy triste,1,1,2,LOJA
2558,653.93,H,20,13,1,225,1312.82,0,2,2,4,Normal,1,0,3,Azuay
2559,  1247,Hombre ,55,14,37,155,,1,1,2,2,Feliz,1,0,0,el oro
2560,866.82,Hombre,40,12,21,170,1874.09,1,1,1,3,Muy feliz,0,1,2,GUAYAS
2561,"754,09",Hombre,34,14,14,154,1594.87,0,2,1,3,Muy feliz,1,1,3, El Oro
2562,"569,36",Mujer,29,17,7,176,1102.77,1,1,1,5,Normal,1,1,1, El Oro
2563,  336,Mujer,20,10,7,161,416.62,1,1,1,3,Triste,1,0,1,El Oro
2564,"861,38",H,43,8,29,140,2535.8,0,2,1,5,Feliz,1,1,1,El  Oro
2565,"547,42",hombre,34,99,15,132,2224.2,1,1,2,5,Muy feliz,0,0,0,Azuay
2566,"468,72",M,99,8,49,167,1281.43,0,2,1,2,Feliz,1,0,0,el oro
2567,"875,04",HOMBRE,31,10,14,214,1251.3,1,1,2,5,Feliz,1,1,0,EL ORO
2568,  622,Hombre ,25,6,11,155,1034.74,0,3,4,1,Feliz,1,1,3,El Oro
2569,"881,71",Mujer,20,15,0,128,2122.51,1,1,4,4,Triste,1,1,4,EL ORO
2570,  573,Hombre ,30,14,11,56,4000.09,0,3,3,2,Muy triste,1,0,1,EL ORO
2571,  515,H,25,15,4,167,2509.21,0,2,1,2,Normal,1,0,2,AZUAY
2572,  340,mujer,56,9,38,999,1468.25,0,3,2,3,Muy triste,0,1,,Azuay
2573,512.16,Mujer,64,17,44,120,3664.76,1,1,1,1,Normal,1,1,0,Loja
2574,811.65,Hombre ,35,21,5,121,593.88,0,2,3,3,Feliz,0,0,0,Guayas
2575,s/i,Hombre ,19,12,1,173,3049.55,0,2,1,3,Normal,0,0,0, Loja
2576,"808,17",M,99,15,13,125,751.47,0,3,3,1,Muy triste,0,1,2,El Oro
2577,"758,90",Hombre ,31,9,15,186,499.43,0,3,3,2,Feliz,0,1,0,El Oro
2578,423.85,hombre,29,14,9,153,615.58,1,1,1,4,Normal,0,0,1,El  Oro
2579,"859,38", Mujer,19,14,0,158,3202.39,1,1,1,4,Muy feliz,1,0,1,El  Oro
2580,514.99,hombre,20,14,1,159,406.75,0,2,1,4,Normal,0,1,3,EL ORO
2581,"478,72", Mujer,40,8,25,187,602.63,0,2,1,3,Feliz,1,1,2,El Oro
2582,  2106,hombre,44,11,29,179,12243.43,0,3,2,3,Muy feliz,1,0,2,guayas
2583,206.55,Mujer,21,99,0,58,1435.98,1,1,2,1,Feliz,1,0,1,El  Oro
2584,NA,Hombre,23,17,0,114,472.88,1,1,3,2,Muy triste,1,0,1,El  Oro
2585,287.28,MUJER ,20,6,5,152,673.56,0,2,3,2,Normal,0,1,2,Azuay
2586,740.68,mujer,57,14,,147,5940.36,0,2,2,5,Normal,1,0,1,El Oro
2587,  1153,H,38,12,23,187,3140.7,1,1,3,1,Normal,1,1,0,Loja
2588,  594,Hombre ,62,99,45,179,929.31,0,2,1,1,Normal,0,0,0,el oro
2589,"660,11",hombre,40,11,25,169,1237.87,1,1,1,5,Normal,1,0,1,El Oro
2590,"395,98",M,49,7,35,184,529.37,0,3,2,4,Normal,1,1,0,el oro
2591,519.98,Hombre ,22,3,8,106,5013.06,0,2,2,4,Muy triste,0,0,1,LOJA
2592,367.13,hombre,24,4,10,163,1727.21,0,2,1,4,Normal,1,0,2, Loja
2593,539.68,hombre,22,13,3,152,1411.02,1,1,1,3,Normal,1,0,0,guayas
2594,  1534,M,51,13,32,158,2984.83,1,1,2,4,Muy feliz,0,1,0,Loja
2595,"620,91",HOMBRE,36,15,13,173,245.37,1,1,1,5,Muy feliz,1,1,3,Azuay
2596,"1.063,51",mujer,29,15,7,163,2256.33,1,1,3,3,Feliz,1,0,3,El Oro
2597,370.12,HOMBRE,99,14,11,149,174.19,0,3,1,1,Feliz,0,0,2, El Oro
2598,"1.201,32",HOMBRE,43,15,21,190,2245,1,1,4,5,Feliz,1,1,2,El Oro
2599,609.85,M,52,13,35,151,1592.29,0,3,2,2,Normal,0,1,2,Azuay
2600,  751, Mujer,24,12,6,144,1372.63,0,2,3,3,Muy triste,1,0,0,el oro
2601,"644,57",H,20,99,5,272,4706.31,0,2,1,1,Triste,1,0,0, El Oro
2602,850.39,MUJER ,53,5,39,213,3519.05,0,2,3,4,Feliz,1,0,0,El Oro
2603,  753, Mujer,30,7,17,229,1421.87,0,2,3,4,Normal,1,0,1, Loja
2604,199.53,mujer,18,7,2,158,523.19,0,3,1,5,Triste,1,0,1,El  Oro
2605,  501,Hombre ,44,10,26,174,775.08,0,3,3,4,Normal,1,1,3,AZUAY
2606,"643,22",Hombre ,23,11,9,219,470.6,1,1,1,2,Muy triste,1,0,2,El Oro
2607,412.02,M,52,12,35,183,428.21,1,1,1,1,Muy triste,0,0,0,Loja
2608,520.84,HOMBRE,29,10,16,178,941.19,0,2,1,5,Normal,0,0,1,GUAYAS
2609,"829,76",H,29,17,9,246,578.77,1,1,1,3,Normal,1,1,2,guayas
2610,s/i,H,19,12,2,155,3521.54,0,2,1,3,Normal,1,0,,Guayas
2611,"2.017,69",Hombre ,36,8,19,340,3330.18,0,2,2,4,Normal,1,1,4, El Oro
2612,677.47,mujer,52,10,37,222,3563.92,0,2,1,3,Feliz,1,1,1,LOJA
2613,441.35,hombre,56,12,39,150,452.87,0,3,1,4,Normal,0,1,3,EL ORO
2614,626.74,Hombre,31,13,13,166,1551.5,1,1,1,3,Feliz,1,0,0, El Oro
2615,712.55,hombre,30,7,16,212,2438.47,0,2,1,2,Normal,1,1,2,AZUAY
2616,1248.65,Mujer,34,14,12,199,2392.17,0,2,2,4,Triste,0,1,2,El Oro
2617,1585.86,HOMBRE,33,19,8,240,957.25,1,1,3,3,Feliz,1,1,3,LOJA
2618,"558,95",M,63,15,42,109,591.21,0,3,3,3,Triste,0,1,2,Guayas
2619,"959,17",H,33,11,16,162,2130.7,0,2,3,4,Muy feliz,1,0,0,El Oro
2620,572.63,Hombre ,54,5,39,224,6401.49,1,1,1,4,Normal,0,1,2,LOJA
2621,"888,28",HOMBRE,42,14,24,200,3433.83,0,2,2,2,Normal,1,1,3,AZUAY
2622,865.77,Hombre ,49,4,35,215,3463.45,1,1,2,2,Feliz,1,1,3,AZUAY
2623,  567,MUJER ,40,15,20,138,589.65,0,3,1,2,Triste,1,1,1,Azuay
2624,"597,50", Mujer,49,4,35,186,8333.14,0,3,1,1,Feliz,1,1,3, El Oro
2625,"632,71",hombre,45,6,30,238,3170.38,0,3,1,3,Triste,1,0,0,El Oro
2626,803.18,MUJER ,60,12,42,165,1589.45,0,2,1,4,Normal,1,1,4,Loja
2627,  568,mujer,46,16,22,111,454.23,1,1,1,5,Muy feliz,1,1,0,Loja
2628,660.90,MUJER ,18,8,3,96,2053.68,0,2,3,2,Normal,1,1,1,Loja
2629,704.45,hombre,36,6,21,173,1699.37,1,1,3,1,Triste,0,0,0,Loja
2630,479.15,Mujer,51,10,33,185,723.45,0,3,1,1,Normal,1,0,0,Azuay
2631,599.21,H,65,8,50,103,2576.01,1,1,2,1,Feliz,1,1,4,El  Oro
2632,"474,03",Mujer,51,8,36,279,1581.29,0,3,1,2,Triste,1,0,1,El  Oro
2633,  1248,Mujer,60,15,40,217,5082.1,1,1,1,3,Feliz,1,1,2,Loja
2634,333.83,HOMBRE,48,2,34,158,1783,0,2,1,3,Feliz,0,0,0,El Oro
2635,545.26,mujer,20,10,2,104,1717.98,0,2,3,4,Feliz,1,0,0,Loja
2636,"560,05",hombre,27,13,9,146,976.86,1,1,3,1,Muy triste,1,0,0, El Oro
2637,848.88,HOMBRE,32,15,10,154,690.15,0,2,3,3,Muy triste,0,1,2,Azuay
2638,822.07,Mujer,51,12,34,220,517.5,1,1,3,4,Muy feliz,1,0,0,El Oro
2639,579.35,H,20,10,2,999,4107.27,1,1,1,5,Feliz,0,0,2,El  Oro
2640,"891,93",H,19,14,0,266,2028.86,1,1,1,3,Muy feliz,0,0,2, El Oro
2641,"927,71",M,50,18,29,195,1507.73,0,3,3,1,Muy feliz,1,1,2,Azuay
2642,"1.072,80",HOMBRE,44,16,24,201,1032.28,0,3,2,3,Normal,1,1,0,Azuay
2643,  866,Hombre,23,15,3,128,856.57,0,2,2,2,Feliz,1,0,0,El Oro
2644,"1.147,49",Mujer,38,16,13,201,1983.12,0,3,3,5,Muy feliz,0,1,2,el oro
2645,348.24, Mujer,21,14,3,167,444.22,1,1,1,4,Normal,1,1,3, El Oro
2646,,M,29,12,11,134,939.78,0,2,1,3,Triste,1,0,0,EL ORO
2647,535.97,hombre,35,15,13,135,505.08,1,1,3,3,Feliz,1,1,1,El Oro
2648,"738,73",mujer,40,12,23,190,891.1,0,2,1,3,Normal,1,0,2,El Oro
2649,960.11,Hombre,61,16,37,183,1315.02,1,1,4,3,Muy feliz,1,1,1,el oro
2650,"481,79",mujer,23,15,4,178,877.89,1,1,1,5,Muy triste,1,0,1,el oro
2651,"587,07",Mujer,34,11,17,190,494.07,0,2,1,1,Triste,1,1,2, El Oro
2652,562.52,MUJER ,19,7,4,240,2940.38,1,1,1,2,Muy feliz,1,0,0,el oro
2653,,Hombre ,34,4,21,157,805.7,0,2,3,5,Normal,1,0,0,GUAYAS
2654,NA,MUJER ,59,12,42,161,2025.86,1,1,1,3,Normal,1,1,0,El  Oro
2655,669.24,M,52,8,35,163,1284.68,1,1,3,5,Feliz,1,1,1,el oro
2656,"836,53",Hombre ,43,13,24,158,1533.62,1,1,1,4,Muy feliz,1,1,4,El  Oro
2657,495.12,HOMBRE,49,8,34,185,1242.3,0,2,1,4,Normal,0,1,3,EL ORO
2658,  162,Mujer,23,8,8,93,400.52,0,2,1,3,Triste,1,0,0,El  Oro
2659,"925,60",Hombre,62,12,44,168,3215.78,0,3,1,2,Feliz,1,0,1,LOJA
2660,1058.74,M,44,16,20,131,1118.83,0,2,2,3,Feliz,1,1,2,Azuay
2661,917.50, Mujer,63,15,44,136,3450.24,0,3,1,1,Feliz,0,1,4,AZUAY
2662,"992,88",Hombre,45,8,30,173,3798.8,0,2,4,4,Triste,0,0,1,EL ORO
2663,  258,hombre,39,6,24,148,243.48,0,3,1,3,Triste,1,1,0,El Oro
2664,NA,HOMBRE,57,8,42,97,120.07,0,3,2,4,Feliz,1,1,2,AZUAY
2665,647.22,HOMBRE,21,6,8,196,1442.1,1,1,1,5,Normal,1,0,1,EL ORO
2666,708.55,Mujer,18,13,0,151,903.01,1,1,2,3,Triste,0,0,0,el oro
2667,1023.66,hombre,65,12,46,154,1619.47,0,2,3,5,Feliz,0,1,4,EL ORO
2668,"2.150,28", Mujer,59,16,33,255,1842.5,1,1,4,3,Triste,1,1,1, El Oro
2669,"1.081,38",Mujer,34,12,17,230,1418.17,1,1,3,3,Feliz,1,1,1,LOJA
2670,,mujer,24,13,7,220,1070.7,0,2,4,3,Normal,1,0,0,El  Oro
2671,1082.18,HOMBRE,48,16,27,186,4974.36,1,1,2,4,Normal,1,0,0,El Oro
2672,"448,38",HOMBRE,32,11,11,183,265.26,0,2,1,1,Normal,1,1,1,el oro
2673,481.27,hombre,20,14,2,193,1328.68,0,3,1,5,Normal,1,0,1,guayas
2674,1378.06,MUJER ,39,15,20,186,1199.14,1,1,2,4,Normal,0,0,0,EL ORO
2675,399.10, Mujer,46,14,24,175,269.78,0,2,1,5,Feliz,1,0,0,el oro
2676,  852,mujer,61,9,45,260,1776.68,1,1,3,4,Normal,0,1,1, El Oro
2677,"539,06",H,19,14,0,72,1861.59,1,1,1,4,Muy feliz,1,0,0,Azuay
2678,"737,42",MUJER ,21,9,9,192,1338.37,1,1,4,1,Triste,1,0,0,guayas
2679,1288.61,MUJER ,36,11,19,173,1951.52,1,1,4,4,Triste,0,1,0,EL ORO
2680,"1.610,33",Hombre ,45,18,19,155,1699.67,0,2,2,3,Triste,1,0,1,EL ORO
2681,492.54,Hombre ,20,6,3,150,1712.41,0,2,1,2,Triste,1,1,1,El  Oro
2682,  747,Hombre,21,16,0,218,1402.89,1,1,1,3,Normal,1,0,0,EL ORO
2683,433.92,Mujer,19,13,0,158,1056.21,0,2,1,5,Feliz,0,0,0,GUAYAS
2684,474.82,M,19,11,2,185,4080.18,1,1,1,4,Normal,1,0,0,El Oro
2685,"1.913,79",H,32,15,11,111,3243.88,1,1,3,1,Feliz,1,1,0,el oro
2686,665.38,HOMBRE,99,16,11,130,1309.36,0,2,2,4,Muy feliz,0,0,1,Azuay
2687,1035.17,HOMBRE,21,99,1,197,5154.49,1,1,1,5,Normal,0,0,1,El  Oro
2688,"410,88",M,31,4,15,211,2270.43,0,2,1,5,Muy triste,1,1,2,LOJA
2689,896.53,hombre,34,10,16,279,2774.58,0,3,3,3,Normal,0,0,1,el oro
2690,"747,27",Hombre ,52,13,32,237,626.51,0,2,1,1,Feliz,0,1,1,El Oro
2691,446.51,Mujer,20,11,3,146,1104.09,1,1,2,3,Feliz,0,0,1, El Oro
2692,"678,27",H,38,15,16,199,317.56,0,3,1,5,Normal,1,1,0, Loja
2693,477.04,mujer,52,16,31,116,1740.39,1,1,1,3,Feliz,0,1,1,Loja
2694,  997, Mujer,43,17,20,189,770.39,0,3,1,5,Feliz,1,0,1,LOJA
2695,537.72,Hombre ,25,11,7,89,1130.85,0,2,3,5,Triste,0,1,1,AZUAY
2696,"754,78",MUJER ,38,8,24,220,2007.7,0,2,2,1,Feliz,0,1,2, El Oro
2697,1065.75,MUJER ,55,99,34,114,1912.71,1,1,2,2,Normal,0,1,1, El Oro
2698,575.17,Hombre,31,4,17,257,1339.18,0,2,1,5,Triste,0,1,2,El Oro
2699,  555, Mujer,50,12,33,171,942.47,0,2,1,1,Normal,0,1,2,AZUAY
2700,s/i,Hombre,19,99,0,172,680.46,1,1,1,1,Feliz,1,0,0,Guayas
2701,"325,66",MUJER ,19,10,2,113,426.58,0,2,2,4,Normal,0,0,2,El Oro
2702,"596,46",hombre,34,10,21,179,2442.82,1,1,1,1,Triste,1,1,2,Azuay
2703,"625,43",MUJER ,26,17,3,153,445.72,1,1,4,3,Feliz,1,1,1,el oro
2704,"850,98",Mujer,25,11,9,219,2488.42,0,3,1,4,Triste,1,0,1,Guayas
2705,470.11,H,55,4,38,211,1110.56,0,2,2,2,Normal,1,1,3,Loja
2706,2029.81, Mujer,62,20,,182,3239.67,1,1,3,3,Feliz,1,0,0,Azuay
2707,518.66, Mujer,20,10,3,142,1240.3,0,2,3,3,Normal,1,1,3,El Oro
2708,  295,Hombre ,57,7,42,124,113.45,0,3,4,3,Muy triste,1,1,1,GUAYAS
2709,635.97,H,41,8,28,205,823.18,0,2,3,2,Normal,0,1,2,Azuay
2710,1240.42,mujer,21,11,3,240,1639.83,0,2,3,4,Normal,1,0,0,El  Oro
2711,"954,07",mujer,53,12,33,222,904.23,0,3,1,3,Feliz,0,1,2,el oro
2712,"868,82",Hombre ,56,14,36,162,732.88,0,3,3,2,Normal,0,1,1,El Oro
2713,s/i, Mujer,30,15,8,188,1198.4,0,3,1,1,Triste,1,0,1,GUAYAS
2714,419.94,MUJER ,36,18,10,108,1577.15,1,1,1,1,Muy feliz,1,1,3,El Oro
2715,  420,hombre,63,17,41,142,747.3,1,1,1,4,Muy feliz,0,0,1,El  Oro
2716,1168.79,MUJER ,40,13,22,180,1902.1,0,2,4,4,Normal,1,1,3, El Oro
2717,  1128,H,21,16,1,153,907.04,1,1,3,1,Triste,0,0,2,EL ORO
2718,"987,43",H,39,99,24,155,1827.4,1,1,3,1,Muy feliz,1,0,1,Guayas
2719,  1258,hombre,30,12,,232,2862.19,0,2,2,3,Feliz,0,1,2,El Oro
2720,1322.08,Hombre ,50,9,36,175,1304.29,0,2,4,5,Normal,1,1,3,El  Oro
2721,,Hombre,29,12,10,135,1165.23,0,2,2,3,Triste,1,1,3,Guayas
2722,1374.40,Hombre,31,12,13,207,2261.56,0,3,4,4,Normal,1,0,5, El Oro
2723,"552,81",HOMBRE,21,4,7,211,2159.52,0,2,3,1,Triste,0,0,0,EL ORO
2724,603.71,mujer,42,14,24,131,1106.15,0,3,2,3,Feliz,1,1,0,Azuay
2725,, Mujer,35,12,20,107,1334.2,0,3,1,1,Normal,0,0,0,El Oro
2726,"842,89",Hombre ,20,12,3,148,2321.52,1,1,3,1,Muy feliz,1,1,4, El Oro
2727,"1.249,75",hombre,61,13,40,173,6581.37,1,1,1,3,Normal,0,1,3,EL ORO
2728,  391,Hombre ,19,14,0,211,561.33,0,2,1,4,Triste,1,0,1, El Oro
2729,"691,01",MUJER ,27,16,6,191,446.19,0,2,2,3,Feliz,1,1,3,Azuay
2730,"525,30",HOMBRE,19,14,0,212,643.32,0,2,2,3,Muy feliz,1,0,0,El  Oro
2731,"897,60",mujer,61,99,42,152,868.84,1,1,3,3,Muy feliz,0,1,2,AZUAY
2732,818.02,Hombre,35,18,13,155,1116.66,0,2,2,3,Feliz,0,1,2,El  Oro
2733,590.67,hombre,18,13,0,163,1846.27,1,1,1,1,Muy triste,1,0,0,Loja
2734,"1.933,89",Hombre ,38,13,18,225,2543.71,0,2,2,1,Muy feliz,1,0,2,El  Oro
2735,833.92,Hombre ,36,17,13,155,,1,1,2,3,Feliz,1,1,1,el oro
2736,"274,55",HOMBRE,58,6,44,110,776.49,1,1,1,3,Triste,1,1,4,AZUAY
2737,122.31,hombre,21,99,6,40,523.13,0,2,1,5,Muy triste,0,0,0, El Oro
2738,NA,HOMBRE,56,9,39,74,2574.68,0,3,2,5,Muy feliz,1,0,1,Guayas
2739,  395,MUJER ,23,8,8,137,1106.27,0,2,3,3,Muy feliz,1,0,0,AZUAY
2740,395.32,HOMBRE,62,8,46,194,501.74,0,3,1,3,Muy triste,1,0,0,El  Oro
2741,  1130,hombre,24,11,6,220,1820.15,0,2,1,1,Muy feliz,1,0,1,el oro
2742,"911,63",mujer,34,11,17,192,4614.1,1,1,3,5,Feliz,1,1,1,El Oro
2743,  1406, Mujer,27,15,8,191,,1,1,2,4,Muy feliz,1,0,0, Loja
2744,332.66,Hombre ,18,9,5,131,1885.26,0,2,2,1,Normal,0,1,3,guayas
2745,"521,59",hombre,18,13,0,129,2401.29,0,2,1,1,Feliz,0,0,0,AZUAY
2746,"576,17",mujer,34,14,15,113,604.55,0,2,1,3,Normal,1,1,3,El Oro
2747,NA,mujer,62,14,41,163,1936.8,0,2,1,1,Normal,0,1,0,EL ORO
2748,"791,30",H,26,4,11,208,4620.93,0,2,2,2,Triste,1,1,1,El  Oro
2749,s/i,H,47,10,31,144,2294.6,0,3,1,3,Triste,0,1,2,Loja
2750,,MUJER ,62,10,48,232,936.49,0,3,2,4,Triste,1,0,1,EL ORO
2751,621.78,HOMBRE,47,11,32,125,706.36,1,1,1,3,Normal,1,1,2,Azuay
2752,  2338,M,43,18,18,162,3744.23,1,1,4,3,Feliz,0,0,0,GUAYAS
2753,698.15,hombre,60,13,41,178,1378.67,1,1,1,5,Muy triste,1,1,2,guayas
2754,"805,03",Hombre,53,9,36,218,3328.6,1,1,2,4,Triste,0,1,2,Guayas
2755,"1.341,48",HOMBRE,28,20,2,186,3588.9,1,1,1,4,Muy feliz,1,0,3, El Oro
2756,"626,75",Mujer,29,12,11,233,931.17,1,1,1,3,Triste,1,0,2,GUAYAS
2757,"378,72",mujer,44,12,29,77,369.02,0,2,3,1,Triste,0,0,1,El  Oro
2758,NA,Hombre,51,6,37,159,1008.7,0,3,2,3,Feliz,0,0,0,El  Oro
2759,"1.045,24",hombre,99,14,26,180,2330.08,0,2,1,1,Triste,0,1,4,GUAYAS
2760,  863,Hombre ,49,9,35,149,4815.18,0,2,3,5,Feliz,1,0,0,El Oro
2761,"297,35",Hombre,31,5,17,136,683.24,0,2,3,3,Normal,1,0,1, El Oro
2762,1241.41,Hombre,43,17,21,213,933.11,1,1,4,3,Muy feliz,1,1,2, El Oro
2763,702.58,MUJER ,20,7,3,166,13328.35,1,1,1,1,Feliz,0,0,1, El Oro
2764,"440,14",Hombre,25,13,9,93,3717.71,1,1,1,4,Normal,0,0,0,Azuay
2765,510.83,Hombre ,29,10,12,145,2049.96,0,2,1,1,Triste,1,1,3,Loja
2766,  794,Hombre ,36,99,21,188,2488.3,0,2,3,3,Triste,0,0,1, El Oro
2767,1129.68,Hombre,37,14,17,217,1921.52,1,1,2,3,Feliz,0,0,1,el oro
2768,"640,50",Hombre ,35,15,15,159,568.34,1,1,2,1,Normal,1,1,2,El  Oro
2769,590.22,Hombre,42,14,20,124,641.69,1,1,2,3,Feliz,1,0,0,El Oro
2770,  1389,MUJER ,47,19,25,152,1720.57,1,1,4,3,Muy feliz,1,0,0,El  Oro
2771,761.26,Mujer,30,16,6,104,1345.05,1,1,1,3,Muy triste,1,1,0,Guayas
2772,"481,81",HOMBRE,19,7,,209,746.38,1,1,3,2,Feliz,1,0,1,EL ORO
2773,636.14, Mujer,28,18,3,161,1432.6,1,1,2,3,Normal,1,1,3,LOJA
2774,655.85,mujer,60,14,38,171,835.83,0,3,2,2,Muy feliz,0,1,1,LOJA
2775,"731,05",HOMBRE,36,11,17,143,3585.19,0,3,1,3,Normal,0,1,1,El  Oro
2776,590.74,Hombre ,50,5,35,151,2810.13,0,3,2,3,Normal,1,0,0,el oro
2777,"748,84",Hombre ,43,12,24,131,1201.73,0,2,1,3,Normal,1,1,3, El Oro
2778,1240.67,H,41,16,17,162,1754.71,1,1,1,3,Feliz,1,1,4, El Oro
2779,398.41,Mujer,24,4,9,140,1804,0,2,1,5,Muy triste,1,0,0,Loja
2780,777.61,M,23,10,6,135,1188.06,1,1,2,3,Normal,1,0,0,El  Oro
2781,928.54,Hombre ,30,13,12,135,2984.73,0,2,1,1,Normal,1,0,1,EL ORO
2782,"382,01",H,39,14,20,168,534.59,1,1,1,3,Triste,1,1,0,EL ORO
2783,"362,54",Hombre,19,14,0,139,274.53,1,1,1,3,Muy triste,1,0,1,Guayas
2784,1538.96,Hombre ,41,15,23,293,1692.9,0,2,4,4,Normal,1,0,1,El Oro
2785,"540,20",MUJER ,47,6,32,141,2398.58,0,3,2,1,Triste,1,1,2,EL ORO
2786,"1.331,47",Mujer,43,99,28,211,4432.94,0,2,4,3,Normal,1,0,1,EL ORO
2787,"616,08",Hombre,30,12,11,190,1086.32,0,2,1,3,Normal,1,1,2,El Oro
2788,668.07,hombre,26,11,9,999,2930.83,0,2,1,3,Triste,0,0,1,EL ORO
2789,"1.559,16",hombre,42,18,16,142,3611.64,0,2,3,3,Normal,1,0,1,El  Oro
2790,417.01,hombre,49,13,26,141,783.46,1,1,2,5,Muy triste,1,1,3,el oro
2791,729.02,M,44,14,23,143,1102.59,0,2,1,4,Muy feliz,1,1,2, El Oro
2792,"980,91",H,31,10,17,208,1439.48,0,3,1,4,Normal,1,1,2,el oro
2793,517.72,HOMBRE,27,8,11,118,754.67,1,1,3,5,Muy triste,0,1,3, El Oro
2794,1032.84,hombre,56,12,40,238,1208.54,0,2,2,4,Feliz,1,1,2,El  Oro
2795,"404,49", Mujer,21,10,5,112,1239.67,0,2,4,1,Feliz,1,0,0, El Oro
2796,NA, Mujer,28,2,12,187,3542.78,0,2,1,3,Triste,1,0,0,El Oro
2797,  615,hombre,32,16,9,156,684.43,1,1,2,4,Muy feliz,1,1,2,GUAYAS
2798,  731,mujer,20,13,3,182,711.27,1,1,3,5,Triste,1,0,0,El Oro
2799,  516,hombre,34,12,17,117,484.83,1,1,3,5,Muy feliz,1,1,1,El Oro
2800,502.12,HOMBRE,45,3,30,128,1592.41,0,2,1,4,Triste,1,1,0,El Oro
2801,1100.71,HOMBRE,62,17,37,165,2556.73,0,3,2,2,Feliz,1,0,1, El Oro
2802,389.53,Hombre ,18,11,0,155,514.47,0,2,2,2,Feliz,0,1,2,El  Oro
2803,1414.75, Mujer,59,13,41,122,4717.47,1,1,4,1,Muy feliz,1,1,2,EL ORO
2804,"677,82",Mujer,44,15,24,174,740.36,0,2,1,5,Muy feliz,1,0,1,El  Oro
2805,464.12,HOMBRE,39,10,25,181,549.65,0,2,2,4,Normal,0,1,1,El Oro
2806,876.52,Mujer,23,6,6,182,1077.78,0,3,3,3,Feliz,1,0,0,el oro
2807,  836,Hombre ,20,15,0,999,4150.52,0,2,2,4,Feliz,0,0,0,el oro
2808,NA,M,62,8,48,170,1339.58,0,3,2,2,Triste,1,1,1,El  Oro
2809,522.58, Mujer,99,5,41,147,8839.5,0,3,1,2,Triste,1,1,3,Guayas
2810,521.79,H,24,17,0,128,1869.11,1,1,1,3,Normal,1,1,1,Guayas
2811,"434,42",H,37,8,19,152,1534.76,1,1,2,3,Triste,1,0,0,el oro
2812,"1.059,54",HOMBRE,26,11,8,205,3271.6,1,1,1,4,Feliz,1,0,1, El Oro
2813,673.99,H,34,11,19,224,682.02,1,1,1,1,Normal,1,1,1,EL ORO
2814,"1.091,86",hombre,53,11,36,162,2817.28,1,1,2,4,Triste,0,0,3,EL ORO
2815,935.50,Hombre ,44,9,30,95,3650.58,0,3,4,5,Triste,1,1,2,Azuay
2816,427.15,Hombre ,20,9,3,119,1151.06,0,2,1,4,Normal,1,0,0,Azuay
2817,"760,53",M,58,13,39,141,1512.39,0,3,4,3,Feliz,0,0,0,Azuay
2818,"477,70",M,57,10,42,204,886.89,0,2,1,5,Feliz,1,0,1,El  Oro
2819,1045.80,Hombre ,35,99,17,194,2275.54,0,2,4,1,Feliz,1,1,1,Guayas
2820,"250,62",M,57,10,45,191,507.21,0,3,1,2,Muy feliz,1,0,2,EL ORO
2821,"1.895,94",Mujer,35,18,12,212,934.33,0,3,3,2,Muy feliz,1,1,0,El  Oro
2822,,mujer,42,10,25,189,1080.51,0,2,1,5,Normal,0,0,0,Loja
2823,"459,73",M,35,10,20,141,1122.36,0,3,2,3,Normal,0,1,4,LOJA
2824,"1.274,08",hombre,41,18,19,220,700.64,1,1,1,1,Triste,0,1,4,LOJA
2825,"486,49",MUJER ,23,10,7,124,643.23,1,1,2,2,Triste,1,1,1,AZUAY
2826,"284,59", Mujer,42,6,26,125,616.2,0,2,3,4,Feliz,0,1,2,AZUAY
2827,  528,Hombre ,65,13,48,180,727.84,0,2,1,3,Triste,1,1,5, El Oro
2828,985.75,Mujer,64,14,44,132,920.21,0,3,2,3,Triste,0,0,1,Guayas
2829,571.75,Hombre ,20,13,3,112,1104.31,0,2,1,2,Muy triste,1,0,2,El  Oro
2830,1444.14,hombre,40,15,16,139,1920.45,1,1,2,1,Muy feliz,0,0,2, El Oro
2831,"1.087,32",HOMBRE,28,14,12,159,2247.77,1,1,1,1,Triste,0,1,1,GUAYAS
2832,"1.214,46", Mujer,48,17,26,202,1042.3,1,1,2,3,Feliz,1,0,0,el oro
2833,s/i,hombre,61,9,45,171,2640.99,0,3,1,5,Normal,0,0,,AZUAY
2834,1147.33,M,50,12,31,171,2181.24,0,3,3,4,Muy feliz,1,1,3,guayas
2835,638.09,H,20,13,1,180,326.02,0,2,2,4,Normal,0,1,3,El  Oro
2836,  664,HOMBRE,22,99,3,177,2527,0,2,1,3,Muy feliz,0,0,1,GUAYAS
2837,500.36,hombre,61,5,43,168,3310.27,0,2,2,4,Muy triste,1,0,2,EL ORO
2838,520.53,H,31,16,8,146,735.03,1,1,2,4,Normal,1,0,1,El Oro
2839,  268,hombre,18,4,2,147,533.41,0,2,1,1,Normal,1,0,0,el oro
2840,968.43,M,51,11,32,205,1136.19,0,2,3,4,Muy feliz,1,0,1,guayas
2841,873.93,Mujer,41,12,23,128,2329.53,1,1,2,4,Normal,1,1,1, El Oro
2842,289.00,HOMBRE,20,11,3,101,665.7,0,2,2,4,Triste,0,0,1,El  Oro
2843,1074.42,Mujer,26,15,6,203,1239.47,0,3,3,4,Triste,0,0,0,El Oro
2844,486.66,Hombre,47,12,30,90,3135.18,1,1,1,3,Triste,0,0,2, Loja
2845,911.72,Hombre ,23,14,4,240,651.99,0,2,4,3,Muy triste,1,0,0,el oro
2846,485.44,Hombre ,20,15,0,222,427.82,1,1,1,3,Triste,0,1,5,AZUAY
2847,317.29,Hombre ,22,13,4,50,3191.18,0,2,1,2,Triste,0,0,0,LOJA
2848,1227.92,M,64,16,43,151,1549.48,0,2,1,5,Triste,1,0,2,El  Oro
2849,523.07,HOMBRE,48,11,,105,447.63,0,3,2,4,Feliz,0,1,0, El Oro
2850,1367.70,H,39,15,21,166,721.48,0,2,2,3,Muy feliz,0,0,0,EL ORO
2851,"2.017,75",Hombre,26,20,0,239,2290.64,1,1,1,3,Normal,0,0,0,guayas
2852,"841,85",Hombre,21,15,3,171,394.61,0,2,4,1,Triste,1,0,2,El Oro
2853,946.68,HOMBRE,22,17,0,222,824.32,1,1,4,1,Triste,0,0,2,GUAYAS
2854,  509,hombre,35,4,21,238,760.93,0,2,2,3,Normal,1,0,1,El Oro
2855,720.56,MUJER ,39,6,25,139,2191.78,0,3,3,3,Feliz,0,1,2,Azuay
2856,"861,75",Hombre ,23,13,4,135,1489.16,1,1,2,5,Muy feliz,0,1,1,Azuay
2857,  1531,M,55,20,29,129,2226.19,1,1,1,1,Feliz,0,1,1,el oro
2858,"357,47",Hombre ,21,12,4,203,1354.75,1,1,1,5,Triste,0,1,2, El Oro
2859,599.38,mujer,45,11,29,170,2067.26,0,3,1,2,Muy feliz,1,0,2, Loja
2860,"432,16",Hombre ,45,12,26,74,580.8,1,1,1,1,Feliz,1,0,0,El Oro
2861,"652,18",Hombre ,38,10,23,187,763.67,0,2,1,5,Feliz,0,0,0, Loja
2862,846.03,HOMBRE,60,15,42,197,607.34,1,1,3,1,Normal,1,1,3,Azuay
2863,597.42,Mujer,46,8,33,176,3621.89,0,3,1,2,Feliz,0,0,0,Guayas
2864,  499,hombre,27,2,10,74,4839.57,0,2,1,1,Triste,0,0,2,EL ORO
2865,"844,92",HOMBRE,36,11,19,197,2572.38,0,2,2,1,Feliz,0,1,2,EL ORO
2866,"1.490,49",Hombre,62,17,40,187,1608.69,1,1,3,2,Muy feliz,0,1,2,EL ORO
2867,"1.849,56",HOMBRE,46,18,21,188,5212.86,1,1,2,1,Triste,1,1,1, El Oro
2868,887.31,H,28,15,8,169,1602.28,0,3,1,5,Muy feliz,1,0,1,Azuay
2869,799.83, Mujer,20,14,0,182,1637.56,1,1,2,3,Feliz,1,0,1,Guayas
2870,"530,45", Mujer,58,13,35,127,754.86,0,3,1,5,Normal,1,1,1,el oro
2871,  446,Mujer,51,8,36,189,3338.64,1,1,1,4,Normal,0,0,0,Azuay
2872,s/i,Hombre ,62,10,48,169,1703.54,0,3,1,3,Muy feliz,0,1,5,EL ORO
2873,  865,Mujer,41,13,20,120,5628.97,1,1,2,1,Triste,0,1,1,Azuay
2874,"261,46",HOMBRE,22,99,9,88,512.09,0,2,4,5,Triste,1,0,0,EL ORO
2875,  536,H,58,12,43,166,2997.05,0,2,1,3,Feliz,1,1,2,el oro
2876,960.39,Mujer,22,11,9,213,1239.11,0,2,3,1,Triste,0,1,3,Guayas
2877,586.20,Hombre,45,4,31,168,4084.36,0,2,1,5,Muy triste,1,1,4,El Oro
2878,1123.13,HOMBRE,19,14,0,189,1764.99,0,2,4,5,Feliz,0,1,3,El  Oro
2879,503.54,M,59,11,42,160,575.59,1,1,3,4,Feliz,1,0,1,Guayas
2880,999999,HOMBRE,52,7,34,190,733.12,0,2,4,4,Normal,1,0,2,El  Oro
2881,"490,92",M,18,13,0,153,615.03,0,2,1,2,Feliz,0,1,2,LOJA
2882,"423,23",mujer,21,9,6,159,534.37,0,2,2,3,Feliz,1,0,2, Loja
2883,,HOMBRE,55,18,30,163,323.73,1,1,3,4,Normal,0,1,4,GUAYAS
2884,984.26,Mujer,53,16,31,223,1404.7,0,3,1,3,Feliz,1,1,2, El Oro
2885,  749,H,53,6,37,186,1002.67,0,2,3,1,Normal,1,0,2,El Oro
2886,"353,66", Mujer,43,7,29,213,1330.46,1,1,1,1,Muy feliz,1,0,3,AZUAY
2887,"762,20",Hombre ,30,14,10,172,1098.67,0,3,1,1,Feliz,1,0,0,EL ORO
2888,834.54,H,28,14,7,135,8504.12,1,1,1,1,Triste,1,0,0, El Oro
2889,335.98,HOMBRE,24,15,3,82,412.66,1,1,1,3,Muy feliz,1,1,3,El  Oro
2890,"496,92",hombre,43,9,29,77,1806.63,0,2,2,2,Triste,1,0,1, Loja
2891,"690,81",Hombre ,50,11,33,128,2125.21,0,3,1,5,Feliz,0,1,1, Loja
2892,"356,54",Hombre,30,7,17,157,2600.7,0,3,1,3,Normal,0,0,0,AZUAY
2893,  1947,M,31,21,1,264,3642.51,1,1,1,3,Normal,1,1,4,el oro
2894,570.61,M,56,9,42,230,732.51,0,3,2,1,Triste,1,1,2,GUAYAS
2895,  680,H,20,15,1,109,1127.05,0,3,3,1,Muy feliz,0,0,2,LOJA
2896,442.31,HOMBRE,31,7,16,219,287.68,1,1,1,1,Feliz,1,1,1, El Oro
2897,584.59,mujer,24,2,10,213,2409.33,0,3,2,4,Triste,1,0,0,El Oro
2898,"396,31", Mujer,25,99,10,168,362.99,0,2,3,5,Muy triste,1,0,1, Loja
2899,"793,64",MUJER ,36,17,13,157,1240.69,1,1,1,1,Muy triste,1,1,3,GUAYAS
2900,661.33,hombre,64,14,42,145,477.25,0,2,1,3,Muy feliz,1,1,2,guayas
2901,365.90,MUJER ,32,99,14,182,578.91,0,2,1,4,Muy feliz,0,1,1, El Oro
2902,624.12, Mujer,47,9,32,155,1353.75,1,1,2,1,Feliz,0,1,3,Loja
2903,"795,70",Mujer,37,18,11,134,784.45,0,2,1,2,Triste,1,0,0,El Oro
2904,,hombre,99,9,35,163,1572.58,0,3,1,1,Triste,0,0,2, El Oro
2905,"910,93",mujer,40,14,23,185,1232.04,1,1,1,4,Triste,1,1,2,el oro
2906,"557,42",H,61,10,44,131,1782.63,0,2,2,1,Triste,0,1,2,el oro
2907,"939,56",mujer,19,13,0,219,908.57,1,1,3,5,Muy triste,1,0,0,El  Oro
2908,326.92,Hombre ,28,7,12,68,1240.14,0,2,3,5,Normal,0,1,1,El Oro
2909,NA,Hombre,57,11,40,201,2400.75,1,1,3,5,Muy feliz,1,0,1,El  Oro
2910,953.43,mujer,37,13,20,235,2437,0,3,1,3,Feliz,0,1,3,El Oro
2911,"1.171,64",mujer,20,11,4,198,2661.62,1,1,3,4,Triste,0,1,4,Loja
2912,734.63,hombre,19,14,1,190,550.26,1,1,2,3,Normal,0,0,1,el oro
2913,859.67,mujer,49,18,24,121,2740.07,1,1,1,5,Normal,0,0,0,el oro
2914,  792,Hombre ,26,3,13,192,3331.38,0,2,2,3,Triste,1,0,0, Loja
2915,586.47,Mujer,42,11,24,150,1372.96,0,3,3,3,Muy triste,1,0,1,AZUAY
2916,,H,24,12,4,194,1532.35,0,2,2,4,Feliz,1,0,0,El  Oro
2917,  731,hombre,60,14,40,185,492.48,1,1,1,4,Feliz,1,1,4,Guayas
2918,  541,Hombre,52,14,34,90,502.15,1,1,3,2,Normal,1,1,1,AZUAY
2919,  1533,Hombre,31,16,8,187,1648.74,1,1,2,4,Feliz,1,0,0,el oro
2920,138.35,mujer,19,3,3,166,224.12,0,3,2,3,Triste,0,1,3, El Oro
2921,"1.073,09",hombre,55,17,31,245,1049.97,1,1,1,2,Muy feliz,1,0,2,EL ORO
2922,"1.054,44",Mujer,50,11,33,235,1573.84,0,2,2,1,Normal,0,0,0, El Oro
2923,710.18,HOMBRE,45,14,26,123,2216.54,1,1,3,2,Muy triste,1,1,4,El  Oro
2924,  1476,M,40,15,18,152,7574.01,1,1,1,4,Muy triste,1,1,2,Loja
2925,"999,05",HOMBRE,45,13,30,176,2106.15,0,3,2,3,Normal,1,1,4,EL ORO
2926,603.13,M,44,8,31,205,720.39,1,1,2,4,Normal,1,0,3,EL ORO
2927,"702,53",hombre,29,15,5,169,800.13,1,1,1,5,Muy feliz,1,0,0,Guayas
2928,  291,H,29,10,14,133,2821.6,1,1,2,1,Muy triste,1,0,0,el oro
2929,634.60,Hombre ,23,13,3,160,1136.59,1,1,1,4,Feliz,1,1,3,EL ORO
2930,"452,87",hombre,44,11,28,173,1073.46,1,1,1,5,Muy triste,0,0,0,El Oro
2931,  967,M,23,15,3,176,1454.77,1,1,3,1,Normal,1,1,3,El  Oro
2932,NA,Hombre,34,17,11,195,915.09,1,1,1,1,Normal,1,1,2,el oro
2933,596.71, Mujer,19,14,0,156,882.57,1,1,3,4,Feliz,1,1,1,LOJA
2934,623.56,HOMBRE,21,12,2,198,975.05,0,2,1,5,Feliz,1,1,3,EL ORO
2935,"439,57",HOMBRE,32,7,16,192,1070.96,0,2,1,4,Feliz,1,0,0,Loja
2936,"732,50",Hombre,32,13,14,143,516.29,1,1,2,1,Feliz,1,1,3,guayas
2937,"409,38", Mujer,99,7,24,196,728.84,0,2,1,2,Feliz,1,1,2,el oro
2938,660.33, Mujer,32,12,13,165,752.08,0,2,4,3,Muy feliz,0,0,0,EL ORO
2939,524.33,MUJER ,30,10,13,217,1142.7,1,1,2,4,Normal,1,0,0,EL ORO
2940,402.47,H,19,11,3,177,860.12,0,2,2,4,Muy feliz,1,0,1, Loja
2941,"829,75",MUJER ,27,8,12,214,982.65,0,2,1,1,Normal,1,0,1,EL ORO
2942,1138.30, Mujer,41,9,25,207,2477.14,0,2,4,3,Feliz,1,0,0, El Oro
2943,1777.61,Mujer,52,13,31,203,2348.24,0,3,4,3,Feliz,1,1,3, Loja
2944,"460,06",M,23,13,3,109,1931.9,1,1,1,1,Feliz,1,1,3,El  Oro
2945,"351,51",H,19,5,2,123,1374.57,0,2,2,3,Muy feliz,0,0,2,Azuay
2946,"708,45",HOMBRE,30,12,11,133,844.33,1,1,2,3,Muy feliz,1,0,0, El Oro
2947,562.07,Hombre,20,10,3,200,816.53,0,2,1,5,Triste,0,0,0,guayas
2948,"708,44",Hombre,22,13,4,122,671.38,1,1,4,4,Triste,0,0,0,Guayas
2949,789.87,Mujer,64,11,47,161,3799.15,0,3,3,5,Feliz,1,1,0, Loja
2950,1260.41,hombre,27,12,9,180,982.35,0,2,3,3,Triste,0,1,1,Guayas
2951,996.35,hombre,44,12,27,161,1252.11,0,2,1,3,Muy triste,1,0,2,El  Oro
2952,1069.56,mujer,55,11,40,213,1160.44,0,3,1,4,Feliz,0,0,1,el oro
2953,1198.31,hombre,41,12,26,188,2455.24,0,3,1,5,Muy feliz,1,0,,El  Oro
2954,"597,28",hombre,47,7,30,227,708.93,0,2,1,3,Triste,0,1,2,GUAYAS
2955,990.03,hombre,25,12,4,134,1178.32,0,3,3,3,Normal,1,0,2,LOJA
2956,835.80,hombre,51,5,35,256,1954.19,0,3,2,5,Normal,0,1,2,Azuay
2957,355.95, Mujer,18,10,2,184,1623.57,0,2,1,4,Normal,0,0,0,El Oro
2958,"289,59",Mujer,54,10,37,168,1397.53,0,2,1,2,Triste,1,1,1,EL ORO
2959,"1.478,98",mujer,61,15,41,139,722.36,1,1,4,3,Feliz,1,1,0,Azuay
2960,"1.368,57",hombre,28,99,8,187,1307.5,1,1,4,3,Feliz,1,1,4,Guayas
2961,"552,33",MUJER ,31,17,9,183,643.73,1,1,1,3,Muy feliz,1,1,3,GUAYAS
2962,"919,40",M,32,9,18,218,866.06,0,3,2,1,Muy triste,1,1,3, El Oro
2963,  800,MUJER ,63,13,43,135,2548.76,1,1,2,4,Muy feliz,1,1,2,Azuay
2964,1025.07,mujer,62,17,39,179,1728.7,0,3,3,2,Muy feliz,0,0,1,el oro
2965,1365.34,H,55,99,37,210,2433.7,1,1,1,2,Normal,1,0,2,Azuay
2966,"431,13",hombre,64,15,43,134,2483.33,1,1,2,2,Normal,0,0,1,AZUAY
2967,1017.50,M,47,14,28,151,1766.27,0,2,2,4,Triste,1,1,2,El  Oro
2968,,Mujer,57,14,38,132,1557.31,1,1,1,1,Normal,1,1,3,El  Oro
2969,"602,43",Mujer,28,8,11,191,2402.99,1,1,2,4,Feliz,1,0,2,LOJA
2970,1532.44,HOMBRE,21,16,2,173,1594.8,0,2,1,1,Feliz,0,0,0,el oro
2971,"815,64",hombre,54,11,38,216,685.52,0,2,4,3,Muy feliz,1,1,1,LOJA
2972,"940,29",Hombre ,48,15,30,175,1470.67,1,1,2,3,Feliz,1,1,3,El  Oro
2973,  923,Hombre,46,18,20,216,667.47,1,1,3,5,Normal,0,1,3,el oro
2974,819.02,mujer,40,11,24,152,5670.39,0,3,4,5,Muy triste,1,1,4,El  Oro
2975,"629,46",Hombre,33,9,16,215,323.34,1,1,2,5,Feliz,0,1,1,LOJA
2976,"531,52",MUJER ,42,5,28,152,1123.4,0,3,3,5,Feliz,0,0,3,AZUAY
2977,699.22,MUJER ,27,10,10,263,1195.16,0,3,1,5,Triste,0,1,4, El Oro
2978,"2.676,57",HOMBRE,99,22,0,153,3986.04,1,1,4,3,Normal,0,1,2,AZUAY
2979,,Mujer,26,99,7,161,936.98,1,1,1,4,Normal,1,0,0,Guayas
2980,1217.79,Hombre ,28,10,12,255,2160.86,1,1,2,1,Muy feliz,1,1,2,el oro
2981,"1.052,16",Hombre ,57,16,35,205,1640.13,0,2,1,1,Muy feliz,0,1,3,LOJA
2982,510.38,M,45,12,25,201,1569.05,0,3,1,5,Normal,1,1,2,LOJA
2983,740.36,Mujer,40,9,24,153,907.37,0,3,2,2,Normal,1,1,2, Loja
2984,"715,30",mujer,40,13,18,86,6198.83,0,2,2,3,Normal,0,0,0, El Oro
2985,"257,13",HOMBRE,22,12,3,42,,1,1,1,3,Triste,0,1,1,El Oro
2986,"582,20",Hombre ,52,16,30,148,476.56,1,1,2,4,Feliz,1,0,2, El Oro
2987,"294,35", Mujer,32,7,16,88,754.9,0,2,1,4,Muy feliz,1,1,2,Azuay
2988,414.34,H,52,11,35,237,523.9,0,3,1,4,Feliz,1,0,0,Azuay
2989,"522,68",Hombre ,26,11,9,162,730.05,0,2,1,5,Feliz,1,0,0, Loja
2990,"491,22",mujer,20,11,2,178,1411.56,0,3,1,5,Muy feliz,1,1,1, El Oro
2991,1031.97,HOMBRE,23,10,6,209,2726.84,1,1,2,4,Feliz,0,0,2,LOJA
2992,"519,10",hombre,60,16,35,186,460.75,0,3,1,3,Feliz,0,0,3,Azuay
2993,483.73,hombre,23,14,5,186,838.86,1,1,1,2,Normal,1,1,2,El Oro
2994,  516,HOMBRE,60,15,39,182,791.14,0,3,1,3,Triste,0,1,1,EL ORO
2995,631.16,MUJER ,45,13,25,126,705.94,1,1,2,4,Normal,1,1,3,el oro
2996,s/i,Hombre,55,6,40,174,1123.88,0,2,1,3,Triste,1,0,0,EL ORO
2997,817.16,Hombre ,18,12,1,89,700.93,0,3,4,4,Feliz,0,1,0,El Oro
2998,498.40,HOMBRE,47,16,22,73,1700.92,1,1,1,1,Feliz,1,0,0,El Oro
2999,314.99,Hombre ,29,5,17,135,647.75,0,2,1,4,Normal,1,0,1,GUAYAS
3000,"362,64",HOMBRE,35,13,16,82,1584.47,1,1,1,1,Normal,1,1,1,Loja
3001,477.68,H,53,12,36,89,916.13,1,1,3,1,Normal,0,1,4, Loja
3002,816.11,Hombre ,36,6,19,184,1393.44,0,3,2,1,Normal,1,0,1,El  Oro
3003,533.69,hombre,20,15,0,162,565.88,0,2,1,5,Feliz,1,1,1,AZUAY
3004,893.92,H,51,11,35,251,4866.2,0,3,1,4,Feliz,1,0,0, El Oro
3005,NA,mujer,64,13,46,167,626.29,0,3,1,1,Triste,0,1,0,Azuay
3006,"503,17",hombre,26,9,12,142,802.45,1,1,1,5,Normal,1,1,1,EL ORO
3007,848.17,mujer,52,6,40,238,3489.59,0,2,1,4,Muy feliz,0,1,2,AZUAY
3008,"434,78",H,23,18,1,95,568.17,0,2,2,2,Feliz,0,0,0,Azuay
3009,654.99,Hombre,23,16,2,120,609.14,0,2,4,4,Feliz,0,0,0,guayas
3010,"265,99",Mujer,32,2,18,172,2637.33,0,2,1,1,Normal,1,1,0, Loja
3011,s/i,M,58,14,40,166,963.71,1,1,2,3,Feliz,1,0,0,LOJA
3012,"714,52",Mujer,41,9,26,197,411.51,0,2,2,5,Normal,1,1,1,El  Oro
3013,"2.474,12", Mujer,52,11,37,179,8858.9,0,3,4,3,Feliz,1,1,2,El  Oro
3014,"1.182,73",HOMBRE,61,14,39,200,1284.34,0,3,3,3,Muy feliz,0,0,1,GUAYAS
3015,  337,MUJER ,36,7,23,200,882.37,0,2,1,3,Feliz,1,1,4,Loja
3016,590.39,HOMBRE,26,17,4,152,397.53,1,1,3,4,Triste,0,0,0, El Oro
3017,"2.716,94",H,60,17,38,999,14304.14,1,1,3,2,Normal,0,1,3, El Oro
3018,  763,HOMBRE,52,5,36,226,1199.19,0,2,3,3,Feliz,0,0,0,EL ORO
3019,"1.034,23",hombre,38,13,19,158,2813.73,1,1,3,3,Normal,0,1,2,El  Oro
3020,  1144,Hombre,18,11,2,155,5859.21,0,3,3,3,Normal,1,1,4,Azuay
3021,"841,62",Mujer,39,13,20,160,,0,2,4,2,Triste,1,0,1,El  Oro
3022,344.97,mujer,65,4,50,166,592.89,0,3,1,3,Triste,0,1,0,el oro
3023,"342,69",MUJER ,43,7,24,264,521.71,1,1,1,3,Triste,0,1,2,EL ORO
3024,637.37,mujer,19,14,0,96,1796.15,0,3,1,5,Feliz,1,0,2,el oro
3025,  398,Hombre ,24,6,9,173,164.74,1,1,1,4,Normal,0,0,1,El Oro
3026,"527,65",Hombre ,52,15,32,225,531.32,1,1,1,5,Normal,0,1,0,LOJA
3027,NA,hombre,45,9,,120,377.96,0,2,1,4,Triste,0,1,0,Loja
3028,  989,H,26,12,10,161,618.27,1,1,4,4,Normal,1,0,1,el oro
3029,875.88,M,22,16,0,999,1250.23,1,1,1,5,Normal,0,1,5,EL ORO
3030,NA,hombre,26,6,9,146,1078.07,0,2,1,5,Normal,1,0,2,El  Oro
3031,536.56, Mujer,31,10,15,234,2151.99,0,3,1,3,Feliz,1,1,1,guayas
3032,"587,66",HOMBRE,29,7,14,180,2237.53,0,2,2,1,Feliz,1,0,3,LOJA
3033,"525,36",Hombre ,24,99,4,120,309.49,0,2,3,3,Feliz,1,0,2,LOJA
3034,"462,03",M,37,6,20,113,1472.3,0,2,3,1,Feliz,0,0,0,El  Oro
3035,  505,mujer,40,12,21,103,2374.66,0,3,2,4,Triste,1,1,3,Loja
3036,  1022,HOMBRE,26,15,5,123,1396.58,1,1,1,3,Muy feliz,1,0,0,Guayas
3037,"569,41",H,37,10,20,204,1420.05,0,2,2,1,Muy triste,1,1,0,el oro
3038,"452,20",H,23,10,6,172,592.22,1,1,2,4,Normal,0,1,1,guayas
3039,1198.27,Mujer,55,17,33,166,1005.18,1,1,1,4,Muy feliz,0,0,0,El Oro
3040,475.87,HOMBRE,25,7,10,183,602.07,0,3,1,1,Normal,0,0,0,Azuay
3041,"420,77",hombre,28,6,15,144,611.38,0,2,2,4,Normal,1,0,1,El Oro
3042,"1.400,36",hombre,56,13,37,111,2846.17,1,1,4,5,Normal,1,1,0,El Oro
3043,"632,48", Mujer,65,14,44,137,2355.63,0,2,2,3,Feliz,1,1,0,guayas
3044,804.62,H,28,14,9,999,2807.75,1,1,1,4,Muy feliz,0,0,1,El  Oro
3045,750.65,Hombre ,46,11,29,149,4223.09,1,1,1,1,Normal,1,1,2,GUAYAS
3046,"1.121,99",HOMBRE,22,14,0,162,651.27,0,2,1,4,Muy feliz,1,0,1,el oro
3047,894.13,mujer,28,10,11,192,745.82,0,2,2,5,Feliz,0,1,2,Guayas
3048,  463, Mujer,46,17,25,138,197.19,1,1,1,1,Normal,0,0,1,GUAYAS
3049,  530,Hombre,25,5,11,211,,0,2,1,5,Triste,1,0,2,guayas
3050,"953,92",Hombre,56,14,36,171,5414.98,0,2,1,3,Feliz,0,1,3,Azuay
3051,"544,40",Hombre ,20,15,1,140,178.4,0,3,3,5,Feliz,0,0,0,EL ORO
3052,377.67,HOMBRE,25,7,11,165,927.47,0,2,2,3,Normal,1,0,0,EL ORO
3053,726.75,M,29,12,10,186,1806.91,0,3,3,2,Triste,1,1,4,Azuay
3054,339.11,mujer,19,14,0,207,469.97,0,2,2,4,Triste,1,0,1,EL ORO
3055,NA,M,20,15,0,229,1788.32,0,2,3,3,Feliz,1,0,0,GUAYAS
3056,"950,16",Mujer,31,16,11,166,3079.61,0,2,2,3,Muy feliz,1,1,2,el oro
3057,1034.55,Hombre,64,14,44,228,2286.33,0,3,3,4,Feliz,0,1,1,El Oro
3058,"1.004,74",Hombre,55,15,33,149,1280.23,1,1,2,1,Normal,1,1,0,El Oro
3059,1996.08,MUJER ,37,12,20,266,7678.71,1,1,1,1,Normal,0,1,3,El Oro
3060,1032.59,H,23,9,11,247,845.58,0,2,1,1,Feliz,1,0,2,AZUAY
3061,"2.031,20",Hombre,56,17,34,268,990.9,1,1,3,3,Muy feliz,0,0,0,EL ORO
3062,796.66,Hombre ,40,14,18,113,1251.21,1,1,1,2,Feliz,1,1,3,El Oro
3063,"875,10",Hombre ,56,8,43,154,1967.28,1,1,3,1,Muy feliz,0,0,2,el oro
3064,504.66,Hombre ,61,14,43,149,2230.15,0,3,1,5,Muy triste,1,0,,EL ORO
3065,  691,Hombre,44,11,24,169,1127.81,0,2,1,4,Normal,0,1,3,Azuay
3066,  333, Mujer,51,12,34,131,450.44,0,2,1,4,Feliz,1,0,0,Guayas
3067,404.23,M,62,9,48,205,917.7,1,1,2,1,Muy triste,1,0,2,El Oro
3068,"849,07",HOMBRE,47,17,27,100,540.99,1,1,2,3,Feliz,1,0,1,El Oro
3069,688.95,H,65,16,43,198,612.64,0,3,1,2,Muy feliz,1,1,2,El Oro
3070,  652,HOMBRE,43,11,25,171,717.66,1,1,1,1,Normal,0,1,4,EL ORO
3071,594.63,MUJER ,34,17,12,185,518.52,0,3,3,4,Normal,0,1,3,EL ORO
3072,"605,48",H,26,15,5,171,1091.49,1,1,1,3,Normal,1,0,0,EL ORO
3073,  1037,MUJER ,24,17,0,999,3013.53,1,1,1,3,Feliz,0,0,2,EL ORO
3074,490.89,Mujer,29,5,14,163,4037.79,0,2,3,2,Feliz,1,0,1, El Oro
3075,"855,22",HOMBRE,46,16,24,198,813.38,1,1,2,3,Normal,1,0,0, El Oro
3076,"400,57",Hombre ,43,5,25,181,687.93,1,1,4,4,Muy triste,1,1,0,Loja
3077,NA,HOMBRE,22,17,0,219,2818.61,1,1,2,3,Feliz,0,0,0, El Oro
3078,627.43,hombre,58,14,36,91,609.18,0,3,3,2,Normal,1,1,1,guayas
3079,1399.50,mujer,57,19,34,169,1670.39,1,1,4,1,Muy triste,0,1,3,el oro
3080,854.39,Hombre,52,16,32,179,688.64,1,1,1,4,Normal,1,0,1,El  Oro
3081,"728,75",HOMBRE,22,17,0,211,942.02,0,2,2,2,Feliz,1,1,2,el oro
3082,  800,Hombre,26,17,2,90,1162.93,0,2,2,2,Feliz,1,0,0, El Oro
3083,655.70,Hombre,32,16,9,174,559.91,1,1,2,2,Normal,0,0,,El  Oro
3084,627.05,HOMBRE,26,99,2,163,1618.72,1,1,1,4,Muy feliz,0,0,0,el oro
3085,924.07,HOMBRE,58,9,45,215,7138.67,0,2,1,4,Muy feliz,0,0,2,Guayas
3086,  712,hombre,29,7,12,134,2273.64,0,3,4,3,Feliz,0,0,0,guayas
3087,"595,33",HOMBRE,37,14,20,205,624.75,0,2,1,3,Feliz,1,1,0,EL ORO
3088,  504,mujer,19,14,0,111,643.47,1,1,4,1,Feliz,0,0,0,el oro
3089,  627,HOMBRE,99,10,23,200,821.64,0,2,2,2,Triste,0,1,1,EL ORO
3090,544.86,hombre,25,9,10,234,1478.97,0,2,3,4,Normal,0,0,3, El Oro
3091,251.47,Hombre,26,5,10,172,831.38,0,3,3,4,Triste,0,1,1,el oro
3092,NA,HOMBRE,35,11,20,65,1228.73,0,2,1,1,Feliz,0,0,1,AZUAY
3093,"1.016,96",hombre,44,17,20,134,1740.75,0,3,2,2,Muy feliz,0,0,0,AZUAY
3094,1050.90,H,38,8,22,166,3113.82,0,2,3,1,Normal,0,0,3,El Oro
3095,1761.90,Hombre,54,16,31,999,3053.84,1,1,1,4,Feliz,0,1,0, El Oro
3096,812.21,M,63,13,44,147,732.59,1,1,4,3,Normal,0,0,2,el oro
3097,"700,19",H,65,12,48,152,2476.17,0,2,3,1,Muy feliz,0,1,5, El Oro
3098,"334,94",MUJER ,23,9,9,112,1893.34,1,1,1,3,Muy feliz,0,0,2,El Oro
3099,1097.72,Hombre,62,19,39,193,1345.88,1,1,1,4,Muy feliz,1,0,1,Loja
3100,598.77,HOMBRE,45,8,32,194,2985.95,0,2,3,5,Muy feliz,0,1,3,Loja
3101,498.38,hombre,60,18,35,148,609.53,1,1,1,4,Muy feliz,1,0,1, El Oro
3102,925.57,H,62,13,42,152,1653.92,0,2,3,5,Normal,1,0,1,EL ORO
3103,"1.077,57",Hombre,50,15,29,126,1207.69,1,1,4,4,Triste,1,1,0, Loja
3104,1575.33,H,65,15,46,203,2137.55,0,2,2,1,Muy feliz,1,0,3, El Oro
3105,528.72,Mujer,44,10,26,190,855.36,1,1,1,3,Feliz,1,0,1,AZUAY
3106,"1.178,59",Mujer,33,17,12,136,975.22,0,3,1,1,Normal,1,1,0,Azuay
3107,"527,12",Hombre,62,10,46,179,1351.34,0,3,3,1,Muy feliz,1,0,0,el oro
3108,"1.132,27",Hombre ,42,15,20,196,2098.11,0,2,4,1,Muy triste,1,0,2,El Oro
3109,556.76,M,38,15,16,162,646.41,0,2,1,5,Muy feliz,1,1,2, Loja
3110,592.79,mujer,34,8,19,138,442.6,0,3,4,4,Normal,1,1,2,AZUAY
3111,"865,63",hombre,39,16,16,155,904.05,1,1,1,2,Feliz,0,0,1,el oro
3112,"646,38",H,28,8,12,175,1319.02,0,2,1,3,Muy feliz,1,0,3,Loja
3113,s/i,Hombre,99,18,18,150,241.4,1,1,2,4,Normal,0,0,0,El Oro
3114,"537,03",Mujer,32,9,18,180,1999.65,0,2,1,3,Muy triste,1,0,0,El  Oro
3115,"693,52",Hombre,32,21,5,153,1716.74,1,1,2,1,Muy feliz,1,1,2,Guayas
3116,"656,88",HOMBRE,35,17,12,140,574.15,1,1,2,3,Triste,0,1,1,EL ORO
3117,468.83,HOMBRE,27,14,5,94,1876.11,1,1,2,3,Normal,1,1,2,Azuay
3118,1800.50,Hombre ,36,11,19,226,4036.81,0,2,3,4,Normal,1,1,0,AZUAY
3119,"402,16",hombre,24,13,5,211,245.28,1,1,2,1,Feliz,0,0,1,El  Oro
3120,610.43,M,56,9,43,196,1240.9,0,3,3,3,Normal,0,0,0,El  Oro
3121,NA,Hombre ,18,13,0,127,652.29,1,1,4,4,Triste,1,0,1,LOJA
3122,"1.576,52", Mujer,54,13,35,167,1179.51,1,1,4,3,Triste,1,0,0,LOJA
3123,501.53, Mujer,21,9,5,165,1895.6,0,2,1,4,Triste,0,1,2,El  Oro
3124,  1188,M,38,10,23,271,499.12,0,3,4,4,Feliz,1,0,1,AZUAY
3125,"261,40",M,47,6,33,167,502.84,0,3,1,4,Normal,0,1,1,El  Oro
3126,"408,68",Hombre ,20,12,2,222,556.22,0,2,1,4,Triste,0,0,1,Guayas
3127,782.52,M,23,11,6,133,2384.11,0,3,2,1,Triste,0,0,2, El Oro
3128,675.53,mujer,23,14,2,182,2841.25,0,2,1,3,Feliz,0,0,1, El Oro
3129,"1.027,55",H,36,20,11,146,2263.26,1,1,1,5,Feliz,1,1,1,Loja
3130,  644, Mujer,34,11,15,120,4012.39,1,1,4,5,Feliz,1,1,1,El  Oro
3131,"826,17",HOMBRE,61,13,41,272,1389.43,0,2,2,2,Muy feliz,1,1,2,Guayas
3132,"264,50",M,28,10,11,125,612.47,0,3,3,3,Normal,1,0,1,EL ORO
3133,  2200,hombre,27,17,6,121,4235.72,0,2,3,4,Normal,0,1,4,El  Oro
3134,"444,76",hombre,53,7,38,128,2301.46,0,2,3,5,Triste,0,1,1,El Oro
3135,"1.200,06",H,20,13,1,149,3509.68,0,2,4,1,Normal,1,0,2,El  Oro
3136,908.54,H,24,6,7,196,7362.82,0,2,2,3,Triste,1,0,0, Loja
3137,1077.66,HOMBRE,61,16,39,196,1113.3,0,2,2,5,Muy feliz,1,1,1,AZUAY
3138,379.84,MUJER ,21,9,6,174,728.39,0,2,2,2,Muy triste,1,0,0, El Oro
3139,"453,84",Mujer,28,9,14,194,1159.67,0,3,1,4,Feliz,1,1,3,Guayas
3140,1003.02,H,50,16,31,199,901.43,1,1,2,4,Feliz,0,0,1,Azuay
3141,571.85,Mujer,18,7,4,204,1639.63,1,1,3,4,Normal,1,0,1,El Oro
3142,510.25,H,56,3,40,179,880.65,0,2,3,3,Triste,1,0,1,Azuay
3143,  321,MUJER ,45,8,30,185,265.76,0,3,2,2,Normal,1,1,0,El Oro
3144,"360,32",mujer,38,9,20,136,1239.98,1,1,2,3,Normal,1,1,3,Loja
3145,"696,54",HOMBRE,19,14,0,109,2298.07,1,1,2,4,Muy feliz,1,0,1,EL ORO
3146,  498,HOMBRE,35,11,18,183,900.59,0,2,1,2,Muy triste,1,1,0,el oro
3147,  1155,H,58,10,42,238,5079.89,1,1,2,1,Feliz,1,1,2,el oro
3148,695.35,HOMBRE,33,10,16,255,806.54,0,2,3,2,Normal,1,1,3,GUAYAS
3149,"828,20",H,58,99,40,208,2261.34,1,1,2,3,Feliz,1,1,2, El Oro
3150,875.55,H,29,12,12,156,1935.99,0,2,1,1,Muy feliz,0,0,0,el oro
3151,2089.20,hombre,33,20,7,199,2432.5,1,1,4,2,Normal,0,1,3,El Oro
3152,701.54, Mujer,64,15,42,68,10382.74,0,3,3,4,Normal,1,1,3,el oro
3153,1238.19,H,34,10,15,210,4535.67,0,2,3,5,Muy feliz,0,0,0,EL ORO
3154,937.07,Hombre,22,14,3,229,2523.53,1,1,1,1,Muy feliz,1,1,2,EL ORO
3155,, Mujer,41,16,20,224,438.62,1,1,2,1,Muy triste,1,0,0,Guayas
3156,697.70, Mujer,53,15,33,239,3425.49,0,3,1,4,Muy feliz,1,1,0,Loja
3157,"273,23",Mujer,43,7,30,202,434.07,0,2,1,4,Feliz,0,1,2,El Oro
3158,"421,28",mujer,42,7,25,192,845.62,1,1,4,4,Normal,1,0,0,EL ORO
3159,"426,69",MUJER ,19,14,0,113,1382.69,1,1,1,1,Normal,1,0,2,Azuay
3160,"700,77", Mujer,52,15,29,166,1617.2,0,2,2,2,Triste,1,1,2,Loja
3161,"576,47",Hombre,55,9,40,155,866.81,0,2,2,2,Normal,1,1,3,EL ORO
3162,513.77, Mujer,26,13,5,137,1414.05,0,3,1,4,Muy triste,1,0,0,EL ORO
3163,"945,59",MUJER ,63,11,46,95,4725.24,1,1,2,1,Muy feliz,1,1,1,Loja
3164,485.25,MUJER ,37,6,24,204,1545.66,0,3,2,4,Muy feliz,1,0,0, El Oro
3165,"859,24",mujer,34,11,,128,1337.98,0,3,3,2,Normal,1,0,0,El Oro
3166,717.80,Hombre ,19,5,3,170,3844.35,0,2,4,5,Normal,0,0,0,AZUAY
3167,  549,mujer,42,16,21,137,,1,1,1,5,Normal,1,1,2,AZUAY
3168,758.55,hombre,20,15,0,164,1840,0,2,1,3,Normal,1,0,0,EL ORO
3169,  705,MUJER ,34,16,13,124,1174.96,0,2,1,5,Muy feliz,1,0,0, El Oro
3170,"1.030,30", Mujer,58,11,40,204,1915.91,0,2,3,4,Muy feliz,1,0,1,el oro
3171,799.10,Hombre ,28,12,12,183,820.89,0,2,3,5,Feliz,1,1,2, Loja
3172,856.67,M,30,11,14,107,2146.56,0,2,1,3,Normal,1,0,2,guayas
3173,"224,71",Hombre ,18,6,2,201,832.67,0,3,1,1,Triste,1,0,0,Loja
3174,538.66,mujer,36,9,19,146,1882.44,1,1,1,4,Feliz,1,0,0,guayas
3175,  1199,HOMBRE,35,10,15,251,3129.62,0,2,1,2,Feliz,1,1,2,EL ORO
3176,560.19,M,42,12,24,190,1461.9,0,2,1,3,Muy feliz,1,1,1,El  Oro
3177,  701,mujer,40,13,19,234,419.92,0,3,1,3,Triste,0,1,3,EL ORO
3178,"356,94",mujer,32,7,15,153,665.83,0,2,4,4,Muy feliz,0,1,1,El  Oro
3179,346.50,Mujer,40,11,20,127,328.54,1,1,1,1,Normal,0,0,0, El Oro
3180,"483,69",H,50,8,36,219,1421.67,0,3,2,4,Triste,1,0,4,GUAYAS
3181,s/i,Hombre ,30,16,8,196,897.05,1,1,1,3,Normal,0,0,0,El  Oro
3182,770.83, Mujer,34,99,9,203,1313.74,1,1,2,5,Feliz,1,1,1, Loja
3183,"645,41", Mujer,48,14,29,252,1029.6,1,1,3,2,Normal,0,0,1,Loja
3184,290.15,Hombre ,62,99,47,87,885.5,0,3,3,4,Triste,1,1,2,El Oro
3185,389.78,M,20,11,1,136,1856.53,0,2,1,1,Feliz,1,1,2,LOJA
3186,467.90,MUJER ,41,7,26,189,771.36,1,1,2,3,Normal,1,0,2,El Oro
3187,735.30,hombre,48,11,34,148,936.31,0,2,3,2,Feliz,0,1,1,Azuay
3188,"1.071,89",Hombre,62,15,41,176,1925.85,1,1,2,4,Muy feliz,1,1,2,El Oro
3189,"690,13",hombre,27,18,4,200,1061.09,0,2,1,1,Normal,1,0,0,guayas
3190,,M,20,9,5,213,784.35,0,3,2,4,Feliz,0,0,1, El Oro
3191,,MUJER ,53,8,34,191,492.84,0,3,1,1,Muy feliz,0,1,3,Guayas
3192,NA,HOMBRE,29,10,12,120,2129.35,1,1,1,4,Muy feliz,1,0,1,El  Oro
3193,1633.41,Hombre ,31,16,8,160,2301.64,1,1,2,3,Muy feliz,1,1,1, El Oro
3194,  1060,M,42,20,15,153,7480.66,1,1,1,1,Muy feliz,0,0,1,Guayas
3195,"529,79",HOMBRE,53,13,33,128,434.27,0,2,1,1,Normal,1,0,1,Guayas
3196,"1.167,30",Mujer,58,17,35,157,4727.29,1,1,1,3,Feliz,1,0,1,El Oro
3197,282.66,hombre,60,3,45,135,2308,0,2,1,2,Triste,1,1,3, Loja
3198,NA,HOMBRE,37,14,15,174,473.92,1,1,3,2,Normal,0,0,0,Azuay
3199,"1.125,90", Mujer,27,11,8,236,2881.33,1,1,2,2,Muy triste,1,1,1,AZUAY
3200,464.56,M,50,17,29,156,1096.65,1,1,2,4,Feliz,0,1,0,EL ORO
3201,"464,61",mujer,27,6,12,112,2036.82,0,2,1,3,Triste,0,0,0, El Oro
3202,473.30,Hombre,18,8,3,171,1585.13,0,2,1,4,Feliz,1,0,0,El  Oro
3203,1494.95,HOMBRE,20,14,1,158,2942.3,1,1,1,3,Feliz,1,0,0,guayas
3204,1072.46,Hombre,64,14,45,144,1137.15,1,1,3,1,Normal,0,0,0,El Oro
3205,698.78,Hombre ,55,12,37,173,1445.41,0,2,2,2,Triste,1,0,0,El Oro
3206,"1.127,44",HOMBRE,27,20,2,187,829.15,0,2,1,3,Feliz,1,1,2,LOJA
3207,436.05,Hombre ,40,99,28,89,993.73,0,2,4,1,Feliz,1,1,1, El Oro
3208,650.92,Hombre,20,8,8,150,1591.17,0,2,2,5,Muy feliz,1,1,0,GUAYAS
3209,"689,61",MUJER ,22,17,0,99,5574.32,0,3,1,3,Muy triste,1,0,0,El  Oro
3210,  385,MUJER ,99,8,33,105,867.62,0,3,3,3,Muy triste,0,1,0,el oro
3211,1150.41, Mujer,47,10,31,206,2606.08,0,3,1,5,Normal,1,0,0,el oro
3212,677.70,H,25,5,9,235,729.72,0,2,4,4,Normal,1,0,0,GUAYAS
3213,1498.42,Hombre ,44,13,25,246,2080.29,0,2,3,4,Feliz,1,1,1,Guayas
3214,"1.174,65",MUJER ,48,13,30,145,5028.26,1,1,1,2,Normal,1,0,0,El  Oro
3215,"225,41",mujer,38,14,15,86,167.44,1,1,1,4,Normal,0,1,2,AZUAY
3216,"456,53",Mujer,20,12,1,142,1014.16,1,1,2,3,Feliz,0,0,1, El Oro
3217,"707,68",Mujer,60,15,37,144,1206.11,0,3,3,3,Triste,0,1,3,el oro
3218,784.76,H,47,13,27,126,1682.12,0,3,2,2,Normal,0,0,3,el oro
3219,528.53,mujer,62,7,47,188,1905.73,1,1,3,4,Normal,0,0,0,El Oro
3220,  1084,Hombre ,24,18,0,200,1962,1,1,3,1,Feliz,1,0,0,EL ORO
3221,534.08,H,37,11,18,188,1525.44,0,3,1,4,Muy feliz,1,1,0,Azuay
3222,  420,mujer,21,13,1,214,655.1,0,2,1,4,Normal,1,0,1,Azuay
3223,  420,Hombre ,30,10,12,225,257.63,1,1,1,3,Normal,1,0,2,GUAYAS
3224,966.23,hombre,30,99,9,115,1090.21,1,1,3,5,Triste,1,0,2,guayas
3225,589.91,Hombre ,37,10,21,198,2133.99,0,2,1,4,Feliz,1,1,3,El  Oro
3226,392.70,M,34,11,18,156,539.11,0,2,2,4,Normal,1,0,1,el oro
3227,"611,71",M,24,10,5,156,1838.21,0,2,2,3,Normal,1,0,0,El  Oro
3228,  531,Hombre,26,5,9,153,1238.96,0,3,1,1,Muy feliz,0,0,0,AZUAY
3229,  572,Hombre,37,13,16,208,708.93,1,1,1,3,Feliz,0,0,1, Loja
3230,597.90,hombre,22,12,4,169,1524.52,1,1,1,5,Feliz,1,1,2, Loja
3231,  305,M,33,14,15,138,350.07,1,1,1,1,Normal,1,1,3,El  Oro
3232,1002.71,hombre,30,17,9,162,3266.22,1,1,2,3,Feliz,1,0,2,EL ORO
3233,"1.207,51",HOMBRE,41,8,25,234,727.18,0,2,3,4,Muy triste,1,1,2,El Oro
3234,371.27, Mujer,32,12,13,999,178.06,1,1,1,1,Normal,0,0,,GUAYAS
3235,  747,Hombre,32,16,8,204,816.31,1,1,2,3,Feliz,1,1,1,El Oro
3236,  639,Hombre ,18,13,0,168,1033.39,1,1,1,5,Muy triste,1,0,0,El  Oro
3237,188.03,MUJER ,19,10,3,102,723.03,0,3,2,3,Feliz,0,0,0,Guayas
3238,  2163,Mujer,60,16,35,222,3135.19,0,3,4,2,Normal,1,1,1,Loja
3239,  1181,Mujer,20,15,1,248,2803.21,0,2,1,2,Normal,0,1,2,LOJA
3240,"460,32", Mujer,51,10,32,139,486.69,0,2,1,3,Triste,1,1,3,EL ORO
3241,  920,H,21,14,0,105,5986.4,0,2,4,4,Normal,0,0,0,El  Oro
3242,"299,19",Mujer,45,9,30,117,1423.21,0,3,1,5,Triste,1,1,0,Azuay
3243,"330,94",Hombre,59,7,41,153,1531.38,0,2,1,2,Feliz,1,1,1,El  Oro
3244,624.99, Mujer,27,11,11,128,5001.58,0,2,2,5,Feliz,1,1,1,EL ORO
3245,"243,66", Mujer,19,13,0,80,734.94,1,1,2,5,Normal,0,1,3,Guayas
3246,"817,33",Hombre,27,6,9,204,3587.64,1,1,2,4,Muy feliz,0,0,1,el oro
3247,"1.126,46",mujer,59,10,43,173,3336.09,0,3,1,4,Muy feliz,1,0,0,AZUAY
3248,"883,22",HOMBRE,22,16,0,110,4062.12,1,1,3,3,Feliz,0,1,2,El  Oro
3249,"385,85", Mujer,24,13,5,199,418.71,1,1,1,3,Normal,1,0,0,El  Oro
3250,1156.93,Mujer,57,11,40,175,3163.26,0,2,1,5,Normal,0,1,2,El Oro
3251,"491,96",hombre,24,13,5,198,640.92,1,1,1,4,Normal,0,0,2, Loja
3252,680.32, Mujer,34,15,12,158,566.86,1,1,2,5,Feliz,1,1,2,Loja
3253,,Hombre,36,11,20,200,1876.93,0,2,1,5,Muy triste,1,1,2, El Oro
3254,s/i, Mujer,29,18,6,168,365.53,1,1,1,3,Triste,1,1,1,EL ORO
3255,742.48,Mujer,38,10,20,197,983.65,0,3,3,5,Normal,1,0,2,EL ORO
3256,1170.97,M,22,15,3,185,7917.61,0,2,2,4,Muy feliz,1,0,1,el oro
3257,"1.107,98",H,53,14,30,236,1284.6,1,1,2,1,Normal,1,0,0, El Oro
3258,  534,Hombre ,40,13,21,190,1156.28,1,1,2,3,Normal,1,1,0, Loja
3259,1027.70, Mujer,54,12,36,143,1480.79,0,3,4,3,Muy feliz,0,1,,El  Oro
3260,, Mujer,61,9,46,171,462.18,0,3,3,1,Feliz,1,1,2,GUAYAS
3261,"510,14",M,33,16,11,139,549.97,1,1,1,1,Feliz,1,1,3,Loja
3262,918.95,MUJER ,63,16,40,242,585.88,0,3,1,4,Muy feliz,1,1,3,AZUAY
3263,"449,96",Hombre,21,5,6,92,1768.02,0,2,4,4,Muy triste,1,0,0,AZUAY
3264,"1.384,93",hombre,30,17,6,211,1379.04,1,1,1,4,Feliz,1,0,0,Azuay
3265,"1.425,66",HOMBRE,61,20,35,999,2027.39,0,2,2,2,Feliz,1,1,1,El Oro
3266,"1.873,69",Hombre,28,12,8,182,4195.16,1,1,3,2,Normal,0,0,0, Loja
3267,634.27,mujer,41,13,20,193,1927.53,1,1,3,4,Normal,1,0,0,Azuay
3268,"619,04",Hombre,35,11,16,150,2272.08,0,2,4,5,Normal,1,1,2,LOJA
3269,NA,hombre,60,17,36,176,401.91,0,2,1,5,Feliz,1,1,0, El Oro
3270,  1445,Hombre,64,16,43,197,2301.85,1,1,1,4,Feliz,0,1,0,Loja
3271,"811,46", Mujer,41,14,21,122,1351.76,1,1,2,5,Muy feliz,1,1,2,Azuay
3272,1289.78,Mujer,45,15,23,189,777.06,1,1,1,1,Feliz,0,1,0,AZUAY
3273,  411, Mujer,63,4,48,196,699.06,0,2,2,4,Normal,1,1,4, Loja
3274,663.19,M,61,17,35,152,859.2,1,1,1,2,Normal,1,1,4,Loja
3275,"911,90",Hombre ,51,17,26,134,1153.75,1,1,2,4,Feliz,0,1,3,el oro
3276,"309,71",MUJER ,22,12,4,134,688.38,0,2,1,3,Feliz,1,0,2,EL ORO
3277,742.22,HOMBRE,25,13,7,133,2329.31,0,2,2,4,Feliz,0,1,1,Azuay
3278,475.11,H,55,11,36,181,330.96,0,3,1,1,Triste,0,1,5, El Oro
3279,304.35, Mujer,63,9,49,185,401.38,0,3,1,3,Triste,1,1,0, El Oro
3280,"826,99",Hombre,55,11,36,127,1976.57,0,2,3,5,Muy feliz,1,1,2,EL ORO
3281,728.40,Hombre,21,6,7,222,4229.57,0,2,1,3,Normal,0,0,0,el oro
3282,"685,72",hombre,45,6,29,173,480.4,0,3,4,1,Muy triste,1,0,2,LOJA
3283,796.17,M,32,16,11,230,935.32,1,1,1,1,Muy triste,0,0,0, El Oro
3284,687.73,M,24,18,0,148,1066.03,1,1,1,4,Feliz,1,1,1,El  Oro
3285,s/i,Mujer,32,11,13,210,1267.2,1,1,3,2,Feliz,0,0,3, Loja
3286,1648.63,Hombre ,42,18,18,161,1129.24,1,1,3,4,Normal,1,1,0, El Oro
3287,"589,06",hombre,43,12,27,147,1333.82,0,2,3,1,Feliz,0,0,3, El Oro
3288,"607,07",MUJER ,48,7,32,229,3462.69,1,1,3,1,Triste,1,1,1,GUAYAS
3289,1977.11,HOMBRE,52,18,27,179,1481.7,0,2,2,1,Feliz,1,0,1, El Oro
3290,"747,58",MUJER ,47,9,29,155,2869.55,0,3,1,4,Muy feliz,0,1,3,EL ORO
3291,443.36,mujer,32,18,8,141,322.91,1,1,3,1,Normal,0,1,0,EL ORO
3292,481.95,MUJER ,26,12,6,124,1323.97,0,2,2,3,Muy triste,1,0,0,EL ORO
3293,680.62,hombre,26,13,7,150,,0,2,4,1,Triste,1,0,2, El Oro
3294,"512,16",mujer,22,11,6,173,738.58,0,2,1,3,Normal,1,1,1,El Oro
3295,  793,mujer,49,9,31,183,1531.88,1,1,3,1,Feliz,1,1,3,El  Oro
3296,"429,59",Hombre,23,6,10,133,668.71,1,1,1,1,Triste,0,1,2,el oro
3297,488.59,Hombre,18,10,1,120,1746.44,0,2,1,4,Normal,1,0,1, El Oro
3298,  1373,Hombre,22,15,2,226,1475.46,0,3,4,4,Feliz,1,0,1,Azuay
3299,"775,81",H,38,10,23,162,2129.47,0,3,3,5,Muy feliz,0,0,1, El Oro
3300,NA,H,50,10,36,198,1147.2,0,2,2,1,Feliz,1,1,2,EL ORO
3301,937.21,HOMBRE,21,13,5,100,4750.62,1,1,2,3,Feliz,0,0,4,Loja
3302,"312,32",H,52,8,36,101,949.57,0,3,3,5,Normal,1,0,2,Azuay
3303,878.47,HOMBRE,63,14,43,204,1695.61,0,3,2,5,Triste,1,0,1,El Oro
3304,390.79,M,28,7,12,165,1346.94,0,2,1,5,Muy triste,0,0,0,AZUAY
3305,"688,72",Mujer,46,11,32,136,396.22,1,1,2,4,Muy triste,1,0,0,EL ORO
3306,766.49,HOMBRE,59,9,43,193,1811.15,0,2,1,5,Normal,0,0,1,Guayas
3307,  777,H,19,6,3,160,2843.47,0,2,2,4,Normal,0,0,2,El  Oro
3308,"231,10",mujer,39,5,25,139,383.57,0,2,1,4,Triste,0,0,2, El Oro
3309,712.86,Hombre ,27,15,7,145,1058.44,1,1,3,4,Normal,1,0,3,El Oro
3310,"627,44",Mujer,31,7,17,146,1759.33,0,2,4,2,Normal,0,1,2,El Oro
3311,"403,43",M,38,13,19,195,489.59,0,3,1,5,Triste,1,1,0,guayas
3312,"645,35",Mujer,52,6,38,190,1647.5,0,3,1,1,Triste,1,1,3,Guayas
3313,497.32,Mujer,29,12,10,169,393.5,0,2,1,2,Normal,1,0,0,AZUAY
3314,1560.13,hombre,34,18,10,157,1932.46,1,1,2,2,Feliz,1,1,2,Guayas
3315,  1059,MUJER ,27,14,6,190,3361.77,0,3,4,2,Muy feliz,1,0,0,AZUAY
3316,"1.146,52",Hombre ,56,99,27,196,300.19,1,1,1,3,Normal,1,0,0,GUAYAS
3317,  627,Mujer,36,12,16,197,431.46,1,1,2,1,Triste,1,1,1,El  Oro
3318,"892,02", Mujer,57,12,37,108,2174.26,0,3,2,4,Normal,0,1,3,Azuay
3319,"661,32",M,41,12,26,999,1047.16,0,2,2,1,Triste,1,1,3, El Oro
3320,,H,25,8,10,157,1800.56,1,1,2,1,Feliz,0,0,0,AZUAY
3321,"493,88",MUJER ,59,3,44,180,1216.34,0,2,2,4,Normal,0,0,0,Loja
3322,  506,Mujer,27,15,5,76,1011.53,1,1,1,2,Muy feliz,0,0,1,el oro
3323,444.66,mujer,36,10,22,173,399.36,0,2,2,5,Muy feliz,1,1,2,El Oro
3324,  1116,Hombre,25,16,5,159,941.02,1,1,3,2,Muy feliz,0,0,0,el oro
3325,  620,H,19,13,,286,806.71,0,2,1,2,Normal,1,0,2, El Oro
3326,732.09,hombre,41,11,23,237,4655.27,0,2,1,5,Feliz,0,0,2,El Oro
3327,438.96, Mujer,22,3,6,146,3636.22,0,2,4,3,Feliz,0,0,1,GUAYAS
3328,"898,50",Hombre,35,13,16,184,2688.01,0,2,4,1,Feliz,0,1,2,el oro
3329,"387,56",hombre,99,3,3,138,1736.78,0,2,1,3,Muy feliz,0,0,1,AZUAY
3330,  1262,hombre,32,10,17,159,4503.18,0,2,3,2,Muy triste,1,1,1,El Oro
3331,"784,24",Mujer,24,19,0,107,1458.01,1,1,3,5,Muy feliz,0,1,1,Azuay
3332,789.11,MUJER ,62,12,46,174,2981.82,1,1,1,4,Triste,0,1,1,Guayas
3333,1344.43,Hombre ,61,12,43,186,2438.57,1,1,2,3,Normal,1,1,2, El Oro
3334,533.63,Mujer,33,13,15,124,1098.59,0,3,3,3,Normal,1,0,2,GUAYAS
3335,NA, Mujer,36,16,12,171,1437.83,1,1,2,3,Feliz,0,0,1,El  Oro
3336,NA,M,42,16,18,93,347.57,0,2,2,3,Muy triste,0,1,2,El Oro
3337,388.06,M,30,14,10,171,407.5,1,1,1,5,Muy feliz,1,0,0,GUAYAS
3338,"628,30",Hombre,29,12,12,217,2066.14,0,2,2,1,Feliz,1,0,0,EL ORO
3339,519.27,H,44,12,26,110,1614.1,0,3,1,4,Triste,1,0,1,El Oro
3340,"772,72",HOMBRE,31,16,8,210,859.62,1,1,1,4,Feliz,1,1,1,Guayas
3341,699.04,HOMBRE,60,11,45,155,1779.64,0,3,4,2,Triste,1,0,1,LOJA
3342,"555,90",hombre,44,14,25,176,1218.17,0,2,1,4,Normal,0,1,2,LOJA
3343,462.91, Mujer,43,12,27,141,939.8,0,2,1,4,Normal,1,0,1, El Oro
3344,778.31,H,19,13,0,225,836.6,0,2,1,3,Triste,0,1,1,AZUAY
3345,"552,25",HOMBRE,25,11,10,139,1155.74,0,2,4,3,Normal,1,0,2,El Oro
3346,"1.457,57",HOMBRE,31,16,7,211,812.73,1,1,4,3,Muy feliz,1,1,2,el oro
3347,865.20,hombre,52,14,34,153,1055.55,1,1,3,5,Muy feliz,1,1,3,guayas
3348,  1440,H,35,11,18,223,4252.73,1,1,1,4,Muy triste,1,0,1,el oro
3349,"602,53",hombre,22,99,2,141,2245.17,0,3,1,5,Normal,1,0,2,El  Oro
3350,"362,97", Mujer,65,5,50,195,479.96,0,2,4,3,Triste,1,1,1,El  Oro
3351,"934,10",H,52,13,32,214,653.46,0,3,1,1,Muy feliz,1,1,0, El Oro
3352,"497,86",H,24,13,5,115,1078.23,1,1,1,3,Muy triste,1,0,0,Loja
3353,745.23,mujer,39,9,23,183,1965.36,0,2,2,1,Feliz,1,0,0,El Oro
3354,"1.235,97",H,32,15,10,139,1438.62,1,1,3,3,Muy triste,1,0,0,GUAYAS
3355,  592,Hombre,64,10,49,169,1092.16,1,1,2,3,Normal,1,1,3,el oro
3356,"719,55",Hombre,39,11,21,153,1038.73,0,2,2,5,Feliz,1,0,3,El Oro
3357,649.95,M,60,12,45,241,266,0,3,3,1,Feliz,0,0,0,el oro
3358,877.36,Hombre ,34,13,18,201,1439.41,1,1,2,5,Muy feliz,1,1,3,Guayas
3359,983.47,H,36,8,21,210,2231.41,0,3,1,4,Normal,1,1,5,Loja
3360,"419,11",mujer,20,10,3,191,4013.77,1,1,1,5,Triste,0,0,0, Loja
3361,259.71,HOMBRE,33,10,18,168,446.19,1,1,1,2,Feliz,1,1,3, El Oro
3362,NA,MUJER ,42,99,24,230,1716.11,1,1,1,3,Feliz,1,0,0, El Oro
3363,"530,06",Hombre ,48,13,29,155,704.73,0,3,2,4,Normal,1,1,0,Guayas
3364,"648,64",H,19,14,0,106,979.21,1,1,2,4,Normal,0,0,3,El  Oro
3365,"607,57",Hombre ,21,16,0,173,2481.89,1,1,1,4,Feliz,1,0,0, El Oro
3366,  1188,Hombre,49,19,26,193,470.42,1,1,1,4,Triste,1,0,0,Guayas
3367,  479,H,25,6,10,69,1820.17,0,2,2,1,Normal,0,1,3,AZUAY
3368,"627,84",hombre,24,10,6,166,2034.34,0,2,2,4,Feliz,0,0,2,LOJA
3369,  561,Hombre ,21,9,4,178,1238.37,0,2,2,3,Feliz,0,0,1,El  Oro
3370,1014.22,H,56,12,37,134,3462.28,0,2,1,1,Normal,0,0,1,El  Oro
3371,447.43,MUJER ,53,11,35,180,1151.81,1,1,1,5,Triste,1,1,2,El Oro
3372,912.58,hombre,60,15,37,148,1822.95,1,1,1,5,Normal,1,0,3,EL ORO
3373,"1.277,72",H,51,14,29,178,1536.79,1,1,2,4,Triste,0,0,1,AZUAY
3374,  753,Hombre,34,12,17,171,1003.29,0,2,1,1,Normal,0,1,1,el oro
3375,335.68, Mujer,26,15,6,149,679.47,1,1,1,3,Normal,1,0,1,El  Oro
3376,"653,53",Hombre,65,12,44,112,3977.57,1,1,1,4,Normal,0,1,0, El Oro
3377,  1176,Mujer,40,99,24,161,3370.2,0,3,3,1,Normal,0,1,0,El  Oro
3378,733.36,HOMBRE,62,6,49,246,1549.85,0,2,1,5,Triste,0,1,2,LOJA
3379,602.93,M,24,9,10,212,446.87,1,1,2,5,Feliz,1,0,0,AZUAY
3380,NA,mujer,21,6,6,162,1126.05,0,2,3,1,Feliz,1,1,2,EL ORO
3381,"622,69",MUJER ,29,9,13,240,1471.04,0,2,2,4,Normal,1,0,1,LOJA
3382,  649,HOMBRE,18,13,1,165,430.05,1,1,2,3,Muy feliz,1,0,2,AZUAY
3383,  881,mujer,56,19,31,152,581.33,0,3,2,4,Triste,1,1,2, El Oro
3384,"1.187,87", Mujer,20,15,0,226,2859.94,1,1,2,4,Triste,1,0,0,Azuay
3385,186.71,HOMBRE,62,4,48,121,565.58,0,2,1,5,Triste,1,1,1,El  Oro
3386,625.11,HOMBRE,32,12,16,124,511.22,0,2,3,3,Muy triste,0,0,2,AZUAY
3387,"344,92",hombre,26,6,12,35,1707.62,0,2,2,2,Feliz,1,1,3, El Oro
3388,510.35,Hombre,23,17,1,166,161.84,1,1,2,1,Normal,1,1,2, El Oro
3389,891.48, Mujer,39,6,26,222,2002.05,0,3,4,5,Normal,0,1,2,guayas
3390,"256,16",Hombre ,56,1,40,240,920.02,0,2,1,4,Normal,1,0,1,el oro
3391,"810,39",HOMBRE,26,13,10,188,1501.64,1,1,3,4,Triste,1,1,3,guayas
3392,645.32,HOMBRE,54,17,29,147,187.33,1,1,2,2,Muy feliz,1,0,0,Guayas
3393,365.71,M,29,2,16,237,1350.29,0,2,1,2,Normal,0,0,0,Azuay
3394,"1.019,02",mujer,49,21,22,194,725.36,1,1,1,3,Muy feliz,1,1,2,El  Oro
3395,  582, Mujer,21,12,3,230,752.4,1,1,4,5,Muy triste,0,1,0,el oro
3396,"477,22",MUJER ,20,15,0,195,523.82,1,1,3,1,Muy triste,1,0,0,el oro
3397,561.25,Hombre,20,15,1,119,919.56,1,1,2,2,Normal,0,0,0,GUAYAS
3398,1201.39,Mujer,56,13,34,191,1601.35,1,1,3,1,Muy triste,1,0,0, Loja
3399,"769,73",mujer,32,11,13,122,5389.81,0,2,1,2,Feliz,1,1,2,el oro
3400,"581,04",Hombre,26,7,11,105,7063.76,0,2,2,4,Triste,1,1,1,El Oro
3401,428.23,H,19,14,0,177,242.24,0,2,1,4,Triste,0,0,1,EL ORO
3402,838.07,HOMBRE,26,16,3,151,484.59,1,1,3,4,Muy feliz,1,1,2,GUAYAS
3403,381.89,Hombre,23,10,8,141,1225.58,0,2,2,4,Feliz,1,1,4, Loja
3404,1491.87,hombre,53,13,33,170,863.59,0,3,3,4,Feliz,1,1,1,El  Oro
3405,"1.161,59",mujer,46,18,26,212,2794.74,0,2,2,1,Feliz,1,1,4,el oro
3406,343.51,HOMBRE,24,13,5,133,1212.88,0,2,1,2,Triste,0,0,0,Guayas
3407,"909,54",hombre,61,17,37,166,2112.75,1,1,1,1,Triste,0,1,3,El Oro
3408,  966,mujer,22,7,6,186,1685.71,0,2,3,5,Normal,1,1,2,guayas
3409,"942,65",Hombre,59,15,39,205,2106.88,0,3,2,4,Muy triste,1,0,0, El Oro
3410,"863,18",Hombre,28,9,12,222,2441.85,1,1,2,2,Feliz,1,0,3,Azuay
3411,"1.007,87",Hombre ,18,12,0,288,1146.42,1,1,1,5,Normal,1,0,1,Azuay
3412,1041.90,hombre,35,14,11,219,1452.07,1,1,1,2,Feliz,1,0,1,Azuay
892,,Hombre ,27,17,3,134,2807.88,1,1,1,3,Normal,0,0,0,EL ORO
967,"846,73",mujer,25,20,0,207,769.45,0,2,3,3,Feliz,1,0,3,el oro
1285,"403,98",hombre,29,6,13,161,1034.19,0,2,2,3,Triste,0,1,2,Azuay
2140,  544,M,55,12,38,197,808.48,1,1,1,3,Feliz,1,1,2,EL ORO
433,"811,22",MUJER ,33,10,17,210,4045.53,0,2,1,3,Normal,1,1,2,Azuay
2696,"754,78",MUJER ,38,8,24,220,2007.7,0,2,2,1,Feliz,0,1,2, El Oro
2964,1025.07,mujer,62,17,39,179,1728.7,0,3,3,2,Muy feliz,0,0,1,el oro
2048,"558,42",hombre,18,13,0,215,2604.38,1,1,2,5,Normal,0,0,0,El  Oro
2981,"1.052,16",Hombre ,57,16,35,205,1640.13,0,2,1,1,Muy feliz,0,1,3,LOJA
3124,  1188,M,38,10,23,271,499.12,0,3,4,4,Feliz,1,0,1,AZUAY
962,,HOMBRE,25,9,11,165,1151.97,0,2,1,2,Normal,0,0,2,guayas
1949,"784,75",Mujer,26,18,1,170,812.07,1,1,1,5,Muy triste,0,0,0,guayas
2934,623.56,HOMBRE,21,12,2,198,975.05,0,2,1,5,Feliz,1,1,3,EL ORO
878,"490,85",HOMBRE,36,8,20,259,623.4,1,1,1,5,Normal,0,1,2,Loja
